system,code,display_in_ig,official_display,status,verified_on,verified_via,source_version,method,note,files
ICD11,5B50,"Underweight in infants, children or adolescents","Underweight in infants, children or adolescents",active,2026-09-15,icd.who.int MMS linearization export;tx.fhir.org,WHO linearization 2026 Mar 20 - 14:07 UTC;tx ICD11 2026-01,owner-file;txfhir,,input/fsh/codesystems/ICD11LifestyleCodeSystem.fsh;input/fsh/valuesets/ValueSetICD11Lifestyle.fsh
ICD11,5B54,Underweight in adults,Underweight in adults,active,2026-09-15,icd.who.int MMS linearization export;tx.fhir.org,WHO linearization 2026 Mar 20 - 14:07 UTC;tx ICD11 2026-01,owner-file;txfhir,,input/fsh/codesystems/ICD11LifestyleCodeSystem.fsh;input/fsh/conceptmaps/ConceptMapICD10ToICD11.fsh;input/fsh/valuesets/ValueSetICD11Lifestyle.fsh
ICD11,5B71,Protein deficiency,Protein deficiency,active,2026-09-15,icd.who.int MMS linearization export;tx.fhir.org,WHO linearization 2026 Mar 20 - 14:07 UTC;tx ICD11 2026-01,owner-file;txfhir,,input/fsh/codesystems/ICD11LifestyleCodeSystem.fsh;input/fsh/conceptmaps/ConceptMapICD10ToICD11.fsh;input/fsh/valuesets/ValueSetICD11Lifestyle.fsh
ICD11,5B7Z,Unspecified undernutrition,Unspecified undernutrition,active,2026-09-15,icd.who.int MMS linearization export;tx.fhir.org,WHO linearization 2026 Mar 20 - 14:07 UTC;tx ICD11 2026-01,owner-file;txfhir,,input/fsh/codesystems/ICD11LifestyleCodeSystem.fsh;input/fsh/valuesets/ValueSetICD11Lifestyle.fsh
ICD11,5B80,Overweight or localised adiposity,Overweight or localised adiposity,active,2026-09-15,icd.who.int MMS linearization export;tx.fhir.org,WHO linearization 2026 Mar 20 - 14:07 UTC;tx ICD11 2026-01,owner-file;txfhir,,input/fsh/codesystems/ICD11LifestyleCodeSystem.fsh;input/fsh/valuesets/ValueSetICD11Lifestyle.fsh
ICD11,5B80.0,Overweight,Overweight,active,2026-09-15,icd.who.int MMS linearization export;tx.fhir.org,WHO linearization 2026 Mar 20 - 14:07 UTC;tx ICD11 2026-01,owner-file;txfhir,,input/fsh/codesystems/ICD11LifestyleCodeSystem.fsh;input/fsh/conceptmaps/ConceptMapICD10ToICD11.fsh;input/fsh/valuesets/ValueSetICD11Lifestyle.fsh
ICD11,5B80.0Z,"Overweight, unspecified","Overweight, unspecified",active,2026-09-15,icd.who.int MMS linearization export;tx.fhir.org,WHO linearization 2026 Mar 20 - 14:07 UTC;tx ICD11 2026-01,owner-file;txfhir,,input/fsh/codesystems/ICD11LifestyleCodeSystem.fsh;input/fsh/valuesets/ValueSetICD11Lifestyle.fsh
ICD11,5B81,Obesity,Obesity,active,2026-09-15,icd.who.int MMS linearization export;tx.fhir.org,WHO linearization 2026 Mar 20 - 14:07 UTC;tx ICD11 2026-01,owner-file;txfhir,,input/fsh/codesystems/ICD11LifestyleCodeSystem.fsh;input/fsh/valuesets/ValueSetICD11Lifestyle.fsh
ICD11,5B81.0,Obesity due to energy imbalance,Obesity due to energy imbalance,active,2026-09-15,icd.who.int MMS linearization export;tx.fhir.org,WHO linearization 2026 Mar 20 - 14:07 UTC;tx ICD11 2026-01,owner-file;txfhir,,input/fsh/codesystems/ICD11LifestyleCodeSystem.fsh;input/fsh/conceptmaps/ConceptMapICD10ToICD11.fsh;input/fsh/valuesets/ValueSetICD11Lifestyle.fsh
ICD11,5B81.Z,"Obesity, unspecified","Obesity, unspecified",active,2026-09-15,icd.who.int MMS linearization export;tx.fhir.org,WHO linearization 2026 Mar 20 - 14:07 UTC;tx ICD11 2026-01,owner-file;txfhir,,input/fsh/codesystems/ICD11LifestyleCodeSystem.fsh;input/fsh/conceptmaps/ConceptMapICD10ToICD11.fsh;input/fsh/valuesets/ValueSetICD11Lifestyle.fsh
ICD11,7A00,Chronic insomnia,Chronic insomnia,active,2026-09-15,icd.who.int MMS linearization export;tx.fhir.org,WHO linearization 2026 Mar 20 - 14:07 UTC;tx ICD11 2026-01,owner-file;txfhir,,input/fsh/codesystems/ICD11LifestyleCodeSystem.fsh;input/fsh/valuesets/ValueSetICD11Lifestyle.fsh
ICD11,7A01,Short-term insomnia,Short-term insomnia,active,2026-09-15,icd.who.int MMS linearization export;tx.fhir.org,WHO linearization 2026 Mar 20 - 14:07 UTC;tx ICD11 2026-01,owner-file;txfhir,,input/fsh/codesystems/ICD11LifestyleCodeSystem.fsh;input/fsh/valuesets/ValueSetICD11Lifestyle.fsh
ICD11,7A0Z,"Insomnia disorders, unspecified","Insomnia disorders, unspecified",active,2026-09-15,icd.who.int MMS linearization export;tx.fhir.org,WHO linearization 2026 Mar 20 - 14:07 UTC;tx ICD11 2026-01,owner-file;txfhir,,input/fsh/codesystems/ICD11LifestyleCodeSystem.fsh;input/fsh/valuesets/ValueSetICD11Lifestyle.fsh
ICD11,7A21,Idiopathic hypersomnia,Idiopathic hypersomnia,active,2026-09-15,icd.who.int MMS linearization export;tx.fhir.org,WHO linearization 2026 Mar 20 - 14:07 UTC;tx ICD11 2026-01,owner-file;txfhir,,input/fsh/codesystems/ICD11LifestyleCodeSystem.fsh;input/fsh/valuesets/ValueSetICD11Lifestyle.fsh
ICD11,7A24,Hypersomnia due to a medication or substance,Hypersomnia due to a medication or substance,active,2026-09-15,icd.who.int MMS linearization export;tx.fhir.org,WHO linearization 2026 Mar 20 - 14:07 UTC;tx ICD11 2026-01,owner-file;txfhir,,input/fsh/codesystems/ICD11LifestyleCodeSystem.fsh;input/fsh/valuesets/ValueSetICD11Lifestyle.fsh
ICD11,7A26,Insufficient sleep syndrome,Insufficient sleep syndrome,active,2026-09-15,icd.who.int MMS linearization export;tx.fhir.org,WHO linearization 2026 Mar 20 - 14:07 UTC;tx ICD11 2026-01,owner-file;txfhir,,input/fsh/codesystems/ICD11LifestyleCodeSystem.fsh;input/fsh/conceptmaps/ConceptMapICD10ToICD11.fsh;input/fsh/valuesets/ValueSetICD11Lifestyle.fsh
ICD11,7A2Z,"Hypersomnolence disorders, unspecified","Hypersomnolence disorders, unspecified",active,2026-09-15,icd.who.int MMS linearization export;tx.fhir.org,WHO linearization 2026 Mar 20 - 14:07 UTC;tx ICD11 2026-01,owner-file;txfhir,,input/fsh/codesystems/ICD11LifestyleCodeSystem.fsh;input/fsh/valuesets/ValueSetICD11Lifestyle.fsh
ICD11,7A40,Central sleep apnoeas,Central sleep apnoeas,active,2026-09-15,icd.who.int MMS linearization export;tx.fhir.org,WHO linearization 2026 Mar 20 - 14:07 UTC;tx ICD11 2026-01,owner-file;txfhir,,input/fsh/codesystems/ICD11LifestyleCodeSystem.fsh;input/fsh/valuesets/ValueSetICD11Lifestyle.fsh
ICD11,7A41,Obstructive sleep apnoea,Obstructive sleep apnoea,active,2026-09-15,icd.who.int MMS linearization export;tx.fhir.org,WHO linearization 2026 Mar 20 - 14:07 UTC;tx ICD11 2026-01,owner-file;txfhir,,input/fsh/codesystems/ICD11LifestyleCodeSystem.fsh;input/fsh/valuesets/ValueSetICD11Lifestyle.fsh
ICD11,7A4Y,Other specified sleep-related breathing disorders,Other specified sleep-related breathing disorders,active,2026-09-15,icd.who.int MMS linearization export;tx.fhir.org,WHO linearization 2026 Mar 20 - 14:07 UTC;tx ICD11 2026-01,owner-file;txfhir,,input/fsh/codesystems/ICD11LifestyleCodeSystem.fsh;input/fsh/valuesets/ValueSetICD11Lifestyle.fsh
ICD11,7A4Z,"Sleep-related breathing disorders, unspecified","Sleep-related breathing disorders, unspecified",active,2026-09-15,icd.who.int MMS linearization export;tx.fhir.org,WHO linearization 2026 Mar 20 - 14:07 UTC;tx ICD11 2026-01,owner-file;txfhir,,input/fsh/codesystems/ICD11LifestyleCodeSystem.fsh;input/fsh/valuesets/ValueSetICD11Lifestyle.fsh
ICD11,7A60,Delayed sleep-wake phase disorder,Delayed sleep-wake phase disorder,active,2026-09-15,icd.who.int MMS linearization export;tx.fhir.org,WHO linearization 2026 Mar 20 - 14:07 UTC;tx ICD11 2026-01,owner-file;txfhir,,input/fsh/codesystems/ICD11LifestyleCodeSystem.fsh;input/fsh/valuesets/ValueSetICD11Lifestyle.fsh
ICD11,7A64,"Circadian rhythm sleep-wake disorder, shift work type","Circadian rhythm sleep-wake disorder, shift work type",active,2026-09-15,icd.who.int MMS linearization export;tx.fhir.org,WHO linearization 2026 Mar 20 - 14:07 UTC;tx ICD11 2026-01,owner-file;txfhir,,input/fsh/codesystems/ICD11LifestyleCodeSystem.fsh;input/fsh/valuesets/ValueSetICD11Lifestyle.fsh
ICD11,7A65,"Circadian rhythm sleep-wake disorder, jet lag type","Circadian rhythm sleep-wake disorder, jet lag type",active,2026-09-15,icd.who.int MMS linearization export;tx.fhir.org,WHO linearization 2026 Mar 20 - 14:07 UTC;tx ICD11 2026-01,owner-file;txfhir,,input/fsh/codesystems/ICD11LifestyleCodeSystem.fsh;input/fsh/valuesets/ValueSetICD11Lifestyle.fsh
ICD11,7A6Z,"Circadian rhythm sleep-wake disorders, unspecified","Circadian rhythm sleep-wake disorders, unspecified",active,2026-09-15,icd.who.int MMS linearization export;tx.fhir.org,WHO linearization 2026 Mar 20 - 14:07 UTC;tx ICD11 2026-01,owner-file;txfhir,,input/fsh/codesystems/ICD11LifestyleCodeSystem.fsh;input/fsh/valuesets/ValueSetICD11Lifestyle.fsh
ICD11,7B2Z,"Sleep-wake disorders, unspecified","Sleep-wake disorders, unspecified",active,2026-09-15,icd.who.int MMS linearization export;tx.fhir.org,WHO linearization 2026 Mar 20 - 14:07 UTC;tx ICD11 2026-01,owner-file;txfhir,,input/fsh/codesystems/ICD11LifestyleCodeSystem.fsh;input/fsh/valuesets/ValueSetICD11Lifestyle.fsh
ICD11,QD60,Problems associated with inadequate drinking-water,Problems associated with inadequate drinking-water,active,2026-09-15,icd.who.int MMS linearization export;tx.fhir.org,WHO linearization 2026 Mar 20 - 14:07 UTC;tx ICD11 2026-01,owner-file;txfhir,,input/fsh/codesystems/ICD11LifestyleCodeSystem.fsh;input/fsh/valuesets/ValueSetICD11Lifestyle.fsh
ICD11,QD61,Inadequate food,Inadequate food,active,2026-09-15,icd.who.int MMS linearization export;tx.fhir.org,WHO linearization 2026 Mar 20 - 14:07 UTC;tx ICD11 2026-01,owner-file;txfhir,,input/fsh/codesystems/ICD11LifestyleCodeSystem.fsh;input/fsh/valuesets/ValueSetICD11Lifestyle.fsh
ICD11,QD6Z,"Problems associated with drinking water or nutrition, unspecified","Problems associated with drinking water or nutrition, unspecified",active,2026-09-15,icd.who.int MMS linearization export;tx.fhir.org,WHO linearization 2026 Mar 20 - 14:07 UTC;tx ICD11 2026-01,owner-file;txfhir,,input/fsh/codesystems/ICD11LifestyleCodeSystem.fsh;input/fsh/valuesets/ValueSetICD11Lifestyle.fsh
ICD11,QD85,Burnout,Burnout,active,2026-09-15,icd.who.int MMS linearization export;tx.fhir.org,WHO linearization 2026 Mar 20 - 14:07 UTC;tx ICD11 2026-01,owner-file;txfhir,,input/fsh/codesystems/ICD11LifestyleCodeSystem.fsh;input/fsh/conceptmaps/ConceptMapICD10ToICD11.fsh;input/fsh/valuesets/ValueSetICD11Lifestyle.fsh
ICD11,QD8Y,Other specified problems associated with employment or unemployment,Other specified problems associated with employment or unemployment,active,2026-09-15,icd.who.int MMS linearization export;tx.fhir.org,WHO linearization 2026 Mar 20 - 14:07 UTC;tx ICD11 2026-01,owner-file;txfhir,,input/fsh/codesystems/ICD11LifestyleCodeSystem.fsh;input/fsh/valuesets/ValueSetICD11Lifestyle.fsh
ICD11,QD8Z,"Problems associated with employment or unemployment, unspecified","Problems associated with employment or unemployment, unspecified",active,2026-09-15,icd.who.int MMS linearization export;tx.fhir.org,WHO linearization 2026 Mar 20 - 14:07 UTC;tx ICD11 2026-01,owner-file;txfhir,,input/fsh/codesystems/ICD11LifestyleCodeSystem.fsh;input/fsh/valuesets/ValueSetICD11Lifestyle.fsh
ICD11,QE01,"Stress, not elsewhere classified","Stress, not elsewhere classified",active,2026-09-15,icd.who.int MMS linearization export;tx.fhir.org,WHO linearization 2026 Mar 20 - 14:07 UTC;tx ICD11 2026-01,owner-file;txfhir,,input/fsh/codesystems/ICD11LifestyleCodeSystem.fsh;input/fsh/conceptmaps/ConceptMapICD10ToICD11.fsh;input/fsh/valuesets/ValueSetICD11Lifestyle.fsh
ICD11,QE10,Hazardous alcohol use,Hazardous alcohol use,active,2026-09-15,icd.who.int MMS linearization export;tx.fhir.org,WHO linearization 2026 Mar 20 - 14:07 UTC;tx ICD11 2026-01,owner-file;txfhir,,input/fsh/codesystems/ICD11LifestyleCodeSystem.fsh;input/fsh/conceptmaps/ConceptMapICD10ToICD11.fsh;input/fsh/valuesets/ValueSetICD11Lifestyle.fsh
ICD11,QE11,Hazardous drug use,Hazardous drug use,active,2026-09-15,icd.who.int MMS linearization export;tx.fhir.org,WHO linearization 2026 Mar 20 - 14:07 UTC;tx ICD11 2026-01,owner-file;txfhir,,input/fsh/codesystems/ICD11LifestyleCodeSystem.fsh;input/fsh/valuesets/ValueSetICD11Lifestyle.fsh
ICD11,QE11.Z,"Hazardous drug use, unspecified","Hazardous drug use, unspecified",active,2026-09-15,icd.who.int MMS linearization export;tx.fhir.org,WHO linearization 2026 Mar 20 - 14:07 UTC;tx ICD11 2026-01,owner-file;txfhir,,input/fsh/codesystems/ICD11LifestyleCodeSystem.fsh;input/fsh/conceptmaps/ConceptMapICD10ToICD11.fsh;input/fsh/valuesets/ValueSetICD11Lifestyle.fsh
ICD11,QE12,Hazardous nicotine use,Hazardous nicotine use,active,2026-09-15,icd.who.int MMS linearization export;tx.fhir.org,WHO linearization 2026 Mar 20 - 14:07 UTC;tx ICD11 2026-01,owner-file;txfhir,,input/fsh/codesystems/ICD11LifestyleCodeSystem.fsh;input/fsh/valuesets/ValueSetICD11Lifestyle.fsh
ICD11,QE13,Tobacco use,Tobacco use,active,2026-09-15,icd.who.int MMS linearization export;tx.fhir.org,WHO linearization 2026 Mar 20 - 14:07 UTC;tx ICD11 2026-01,owner-file;txfhir,,input/fsh/codesystems/ICD11LifestyleCodeSystem.fsh;input/fsh/conceptmaps/ConceptMapICD10ToICD11.fsh;input/fsh/valuesets/ValueSetICD11Lifestyle.fsh
ICD11,QE1Y,Other specified hazardous substance use,Other specified hazardous substance use,active,2026-09-15,icd.who.int MMS linearization export;tx.fhir.org,WHO linearization 2026 Mar 20 - 14:07 UTC;tx ICD11 2026-01,owner-file;txfhir,,input/fsh/codesystems/ICD11LifestyleCodeSystem.fsh;input/fsh/valuesets/ValueSetICD11Lifestyle.fsh
ICD11,QE1Z,"Hazardous substance use, unspecified","Hazardous substance use, unspecified",active,2026-09-15,icd.who.int MMS linearization export;tx.fhir.org,WHO linearization 2026 Mar 20 - 14:07 UTC;tx ICD11 2026-01,owner-file;txfhir,,input/fsh/codesystems/ICD11LifestyleCodeSystem.fsh;input/fsh/valuesets/ValueSetICD11Lifestyle.fsh
ICD11,QE20,Lack of physical exercise,Lack of physical exercise,active,2026-09-15,icd.who.int MMS linearization export;tx.fhir.org,WHO linearization 2026 Mar 20 - 14:07 UTC;tx ICD11 2026-01,owner-file;txfhir,,input/fsh/codesystems/ICD11LifestyleCodeSystem.fsh;input/fsh/conceptmaps/ConceptMapICD10ToICD11.fsh;input/fsh/valuesets/ValueSetICD11Lifestyle.fsh
ICD11,QE21,Hazardous gambling or betting,Hazardous gambling or betting,active,2026-09-15,icd.who.int MMS linearization export;tx.fhir.org,WHO linearization 2026 Mar 20 - 14:07 UTC;tx ICD11 2026-01,owner-file;txfhir,,input/fsh/codesystems/ICD11LifestyleCodeSystem.fsh;input/fsh/conceptmaps/ConceptMapICD10ToICD11.fsh;input/fsh/valuesets/ValueSetICD11Lifestyle.fsh
ICD11,QE22,Hazardous gaming,Hazardous gaming,active,2026-09-15,icd.who.int MMS linearization export;tx.fhir.org,WHO linearization 2026 Mar 20 - 14:07 UTC;tx ICD11 2026-01,owner-file;txfhir,,input/fsh/codesystems/ICD11LifestyleCodeSystem.fsh;input/fsh/valuesets/ValueSetICD11Lifestyle.fsh
ICD11,QE23,Problems with inappropriate diet or eating habits,Problems with inappropriate diet or eating habits,active,2026-09-15,icd.who.int MMS linearization export;tx.fhir.org,WHO linearization 2026 Mar 20 - 14:07 UTC;tx ICD11 2026-01,owner-file;txfhir,,input/fsh/codesystems/ICD11LifestyleCodeSystem.fsh;input/fsh/conceptmaps/ConceptMapICD10ToICD11.fsh;input/fsh/valuesets/ValueSetICD11Lifestyle.fsh
ICD11,QE2Z,"Problem with health-related behaviours, unspecified","Problem with health-related behaviours, unspecified",active,2026-09-15,icd.who.int MMS linearization export;tx.fhir.org,WHO linearization 2026 Mar 20 - 14:07 UTC;tx ICD11 2026-01,owner-file;txfhir,,input/fsh/codesystems/ICD11LifestyleCodeSystem.fsh;input/fsh/conceptmaps/ConceptMapICD10ToICD11.fsh;input/fsh/valuesets/ValueSetICD11Lifestyle.fsh
ICD11,QF2A,Difficulty or need for assistance with community participation,Difficulty or need for assistance with community participation,active,2026-09-15,icd.who.int MMS linearization export;tx.fhir.org,WHO linearization 2026 Mar 20 - 14:07 UTC;tx ICD11 2026-01,owner-file;txfhir,,input/fsh/codesystems/ICD11LifestyleCodeSystem.fsh;input/fsh/conceptmaps/ConceptMapICD10ToICD11.fsh;input/fsh/valuesets/ValueSetICD11Lifestyle.fsh
LOINC,100898-6,Lipid panel - Serum or Plasma,Lipid panel - Serum or Plasma,active,2026-09-15,Athena OMOP snapshot;tx.fhir.org,Athena LOINC snapshot 2026-01-21;tx LOINC 2.82,local-snapshot;txfhir,,input/fsh/terminology/ValueSetCDSSLabRecommendations.fsh
LOINC,10160-0,History of Medication use Narrative,History of Medication use Narrative,active,2026-09-15,Athena OMOP snapshot;tx.fhir.org,Athena LOINC snapshot 2026-01-21;tx LOINC 2.82,local-snapshot;txfhir,,input/fsh/profiles/IPSLifestyleMedicineComposition.fsh
LOINC,10162-6,History of pregnancies Narrative,History of pregnancies Narrative,active,2026-09-15,Athena OMOP snapshot;tx.fhir.org,Athena LOINC snapshot 2026-01-21;tx LOINC 2.82,local-snapshot;txfhir,,input/fsh/profiles/IPSLifestyleMedicineComposition.fsh
LOINC,101683-1,Body water mass,Body water mass,active,2026-09-15,Athena OMOP snapshot;tx.fhir.org,Athena LOINC snapshot 2026-01-21;tx LOINC 2.82,local-snapshot;txfhir,,input/fsh/examples/BodyMetricsExamples.fsh;input/fsh/profiles/BodyMetricsProfiles.fsh
LOINC,101685-6,Body bone mass,Body bone mass,active,2026-09-15,Athena OMOP snapshot;tx.fhir.org,Athena LOINC snapshot 2026-01-21;tx LOINC 2.82,local-snapshot;txfhir,,input/fsh/examples/BodyMetricsExamples.fsh;input/fsh/profiles/BodyMetricsProfiles.fsh
LOINC,101689-8,Duration of moderate activity,Duration of moderate activity,active,2026-09-15,Athena OMOP snapshot;tx.fhir.org,Athena LOINC snapshot 2026-01-21;tx LOINC 2.82,local-snapshot;txfhir,,input/fsh/profiles/PhysicalActivityProfile.fsh
LOINC,101690-6,Duration of vigorous activity,Duration of vigorous activity,active,2026-09-15,Athena OMOP snapshot;tx.fhir.org,Athena LOINC snapshot 2026-01-21;tx LOINC 2.82,local-snapshot;txfhir,,input/fsh/profiles/PhysicalActivityProfile.fsh
LOINC,101692-2,Maximum heart rate,Maximum heart rate,active,2026-09-15,Athena OMOP snapshot;tx.fhir.org,Athena LOINC snapshot 2026-01-21;tx LOINC 2.82,local-snapshot;txfhir,,input/fsh/profiles/SportSpecificProfiles.fsh
LOINC,103211-9,Number of awakenings,Number of awakenings,active,2026-09-15,Athena OMOP snapshot;tx.fhir.org,Athena LOINC snapshot 2026-01-21;tx LOINC 2.82,local-snapshot;txfhir,,input/fsh/examples/SleepExamples.fsh;input/fsh/profiles/SleepProfile.fsh;input/fsh/terminology/ConceptMapSleepToLOINC.fsh;input/fsh/terminology/ConceptMapSleepToOMOP.fsh;input/fsh/terminology/ValueSetLOINCObservations.fsh
LOINC,103212-7,Duration of falling asleep,Duration of falling asleep,active,2026-09-15,Athena OMOP snapshot;tx.fhir.org,Athena LOINC snapshot 2026-01-21;tx LOINC 2.82,local-snapshot;txfhir,,input/fsh/terminology/ConceptMapSleepToOMOP.fsh
LOINC,103213-5,Duration in bed,Duration in bed,active,2026-09-15,Athena OMOP snapshot;tx.fhir.org,Athena LOINC snapshot 2026-01-21;tx LOINC 2.82,local-snapshot;txfhir,,input/fsh/examples/SleepExamples.fsh;input/fsh/profiles/SleepProfile.fsh;input/fsh/terminology/ConceptMapSleepToLOINC.fsh;input/fsh/terminology/ValueSetLOINCObservations.fsh
LOINC,103215-0,Wake time after sleep onset,Wake time after sleep onset,active,2026-09-15,Athena OMOP snapshot;tx.fhir.org,Athena LOINC snapshot 2026-01-21;tx LOINC 2.82,local-snapshot;txfhir,,input/fsh/terminology/ConceptMapSleepToOMOP.fsh
LOINC,104636-6,Days continuous glucose monitor device worn [#] Reporting Period Estimated,Days continuous glucose monitor device worn [#] Reporting Period Estimated,active,2026-09-15,Athena OMOP snapshot;tx.fhir.org,Athena LOINC snapshot 2026-01-21;tx LOINC 2.82,local-snapshot;txfhir,,input/fsh/profiles/CGMProfile.fsh;input/fsh/terminology/ConceptMapCGMToOMOP.fsh
LOINC,104637-4,Percentage of time continuous glucose monitor device worn Reporting Period Calculated,Percentage of time continuous glucose monitor device worn Reporting Period Calculated,active,2026-09-15,Athena OMOP snapshot;tx.fhir.org,Athena LOINC snapshot 2026-01-21;tx LOINC 2.82,local-snapshot;txfhir,,input/fsh/profiles/CGMProfile.fsh;input/fsh/terminology/ConceptMapCGMToOMOP.fsh
LOINC,104638-2,Glucose standard deviation/Glucose mean in Reporting Period Interstitial fluid by calculation,Glucose standard deviation/Glucose mean in Reporting Period Interstitial fluid by calculation,active,2026-09-15,Athena OMOP snapshot;tx.fhir.org,Athena LOINC snapshot 2026-01-21;tx LOINC 2.82,local-snapshot;txfhir,,input/fsh/examples/CGMAndMetabolicExamples.fsh;input/fsh/profiles/CGMProfile.fsh;input/fsh/terminology/ConceptMapCGMToOMOP.fsh
LOINC,104639-0,"Time above range, very high in Reporting Period Interstitial fluid by calculation","Time above range, very high in Reporting Period Interstitial fluid by calculation",active,2026-09-15,Athena OMOP snapshot;tx.fhir.org,Athena LOINC snapshot 2026-01-21;tx LOINC 2.82,local-snapshot;txfhir,,input/fsh/profiles/CGMProfile.fsh;input/fsh/terminology/ConceptMapCGMToOMOP.fsh
LOINC,104640-8,"Time above range, high in Reporting Period Interstitial fluid by calculation","Time above range, high in Reporting Period Interstitial fluid by calculation",active,2026-09-15,Athena OMOP snapshot;tx.fhir.org,Athena LOINC snapshot 2026-01-21;tx LOINC 2.82,local-snapshot;txfhir,,input/fsh/profiles/CGMProfile.fsh;input/fsh/terminology/ConceptMapCGMToOMOP.fsh
LOINC,104641-6,"Time below range, low in Reporting Period Interstitial fluid by calculation","Time below range, low in Reporting Period Interstitial fluid by calculation",active,2026-09-15,Athena OMOP snapshot;tx.fhir.org,Athena LOINC snapshot 2026-01-21;tx LOINC 2.82,local-snapshot;txfhir,,input/fsh/profiles/CGMProfile.fsh;input/fsh/terminology/ConceptMapCGMToOMOP.fsh
LOINC,104642-4,"Time below range, very low in Reporting Period Interstitial fluid by calculation","Time below range, very low in Reporting Period Interstitial fluid by calculation",active,2026-09-15,Athena OMOP snapshot;tx.fhir.org,Athena LOINC snapshot 2026-01-21;tx LOINC 2.82,local-snapshot;txfhir,,input/fsh/profiles/CGMProfile.fsh;input/fsh/terminology/ConceptMapCGMToOMOP.fsh
LOINC,10570-0,Consistency of Cervical mucus,Consistency of Cervical mucus,active,2026-09-15,Athena OMOP snapshot;tx.fhir.org,Athena LOINC snapshot 2026-01-21;tx LOINC 2.82,local-snapshot;txfhir,,input/fsh/profiles/ReproductiveProfiles.fsh
LOINC,106860-0,Perceived stress scale-10 total score [PSS-10],Perceived stress scale-10 total score [PSS-10],active,2026-09-15,Athena OMOP snapshot;tx.fhir.org,Athena LOINC snapshot 2026-01-21;tx LOINC 2.82,local-snapshot;txfhir,,input/fsh/examples/QuestionnaireScoreExamples.fsh
LOINC,106875-8,Perceived stress scale-10 [PSS-10],Perceived stress scale-10 [PSS-10],active,2026-09-15,Athena OMOP snapshot;tx.fhir.org,Athena LOINC snapshot 2026-01-21;tx LOINC 2.82,local-snapshot;txfhir,,input/fsh/profiles/questionnaires/StressQuestionnaires.fsh
LOINC,11331-6,History of Alcohol use,History of Alcohol use,active,2026-09-15,Athena OMOP snapshot;tx.fhir.org,Athena LOINC snapshot 2026-01-21;tx LOINC 2.82,local-snapshot;txfhir,,input/fsh/examples/SubstanceUseExamples.fsh;input/fsh/profiles/SubstanceUseProfile.fsh
LOINC,11348-0,History of Past illness Narrative,History of Past illness Narrative,display-mismatch,2026-09-15,Athena OMOP snapshot;tx.fhir.org,Athena LOINC snapshot 2026-01-21;tx LOINC 2.82,local-snapshot;txfhir,tx display check: 'History of Past illness Narrative' — Wrong Display Name 'History of Past illness Narrative' for http://loinc.org#11348-0. Valid,input/fsh/profiles/IPSLifestyleMedicineComposition.fsh
LOINC,11369-6,History of Immunization Narrative,History of Immunization Narrative,display-mismatch,2026-09-15,Athena OMOP snapshot;tx.fhir.org,Athena LOINC snapshot 2026-01-21;tx LOINC 2.82,local-snapshot;txfhir,tx display check: 'History of Immunization Narrative' — Wrong Display Name 'History of Immunization Narrative' for http://loinc.org#11369-6. Valid,input/fsh/profiles/IPSLifestyleMedicineComposition.fsh
LOINC,11450-4,Problem list - Reported,Problem list - Reported,active,2026-09-15,Athena OMOP snapshot;tx.fhir.org,Athena LOINC snapshot 2026-01-21;tx LOINC 2.82,local-snapshot;txfhir,,input/fsh/profiles/BulkExportGroup.fsh;input/fsh/profiles/IPSLifestyleMedicineComposition.fsh
LOINC,11976-8,Ovulation date,Ovulation date,active,2026-09-15,Athena OMOP snapshot;tx.fhir.org,Athena LOINC snapshot 2026-01-21;tx LOINC 2.82,local-snapshot;txfhir,,input/fsh/profiles/ReproductiveProfiles.fsh
LOINC,13629-1,Interleukin 1 beta [Mass/volume] in Serum or Plasma,Interleukin 1 beta [Mass/volume] in Serum or Plasma,active,2026-09-15,Athena OMOP snapshot;tx.fhir.org,Athena LOINC snapshot 2026-01-21;tx LOINC 2.82,local-snapshot;txfhir,,input/fsh/examples/InflammatoryMarkersExamples.fsh;input/fsh/profiles/InflammatoryMarkersProfiles.fsh
LOINC,14118-4,Lactate [Mass/volume] in Serum or Plasma,Lactate [Mass/volume] in Serum or Plasma,active,2026-09-15,Athena OMOP snapshot;tx.fhir.org,Athena LOINC snapshot 2026-01-21;tx LOINC 2.82,local-snapshot;txfhir,,input/fsh/examples/InflammatoryMarkersExamples.fsh;input/fsh/profiles/InflammatoryMarkersProfiles.fsh
LOINC,18752-6,Exercise stress test study,Exercise stress test study,active,2026-09-15,Athena OMOP snapshot;tx.fhir.org,Athena LOINC snapshot 2026-01-21;tx LOINC 2.82,local-snapshot;txfhir,,input/fsh/terminology/ValueSetCDSSLabRecommendations.fsh
LOINC,18776-5,Plan of care note,Plan of care note,active,2026-09-15,Athena OMOP snapshot;tx.fhir.org,Athena LOINC snapshot 2026-01-21;tx LOINC 2.82,local-snapshot;txfhir,,input/fsh/profiles/IPSLifestyleMedicineComposition.fsh
LOINC,19868-9,Forced vital capacity [Volume] Respiratory system,Forced vital capacity [Volume] Respiratory system by Spirometry,display-mismatch,2026-09-15,Athena OMOP snapshot;tx.fhir.org,Athena LOINC snapshot 2026-01-21;tx LOINC 2.82,local-snapshot;txfhir,tx display check: 'Forced vital capacity [Volume] Respiratory system' — Wrong Display Name 'Forced vital capacity [Volume] Respiratory system' for http://loinc.or,input/fsh/terminology/ConceptMapVendorToLOINC.fsh
LOINC,1988-5,C reactive protein [Mass/volume] in Serum or Plasma,C reactive protein [Mass/volume] in Serum or Plasma,active,2026-09-15,Athena OMOP snapshot;tx.fhir.org,Athena LOINC snapshot 2026-01-21;tx LOINC 2.82,local-snapshot;txfhir,,input/fsh/examples/InflammatoryMarkersExamples.fsh;input/fsh/profiles/InflammatoryMarkersProfiles.fsh;input/fsh/terminology/ValueSetCDSSLabRecommendations.fsh
LOINC,1989-3,25-hydroxyvitamin D3 [Mass/volume] in Serum or Plasma,25-hydroxyvitamin D3 [Mass/volume] in Serum or Plasma,active,2026-09-15,Athena OMOP snapshot;tx.fhir.org,Athena LOINC snapshot 2026-01-21;tx LOINC 2.82,local-snapshot;txfhir,,input/fsh/terminology/ValueSetCDSSLabRecommendations.fsh
LOINC,19935-6,Maximum expiratory gas flow Respiratory system airway,Maximum expiratory gas flow Respiratory system airway by Peak flow meter,display-mismatch,2026-09-15,Athena OMOP snapshot;tx.fhir.org,Athena LOINC snapshot 2026-01-21;tx LOINC 2.82,local-snapshot;txfhir,tx display check: 'Maximum expiratory gas flow Respiratory system airway' — Wrong Display Name 'Maximum expiratory gas flow Respiratory system airway' for http://loin,input/fsh/terminology/ConceptMapVendorToLOINC.fsh
LOINC,20150-9,FEV1,FEV1,active,2026-09-15,Athena OMOP snapshot;tx.fhir.org,Athena LOINC snapshot 2026-01-21;tx LOINC 2.82,local-snapshot;txfhir,,input/fsh/terminology/ConceptMapVendorToLOINC.fsh
LOINC,2284-8,Folate [Mass/volume] in Serum or Plasma,Folate [Mass/volume] in Serum or Plasma,active,2026-09-15,Athena OMOP snapshot;tx.fhir.org,Athena LOINC snapshot 2026-01-21;tx LOINC 2.82,local-snapshot;txfhir,,input/fsh/terminology/ValueSetCDSSLabRecommendations.fsh
LOINC,2339-0,Glucose [Mass/volume] in Blood,Glucose [Mass/volume] in Blood,active,2026-09-15,Athena OMOP snapshot;tx.fhir.org,Athena LOINC snapshot 2026-01-21;tx LOINC 2.82,local-snapshot;txfhir,,input/fsh/terminology/ConceptMapVendorToLOINC.fsh
LOINC,2345-7,Glucose [Mass/volume] in Serum or Plasma,Glucose [Mass/volume] in Serum or Plasma,active,2026-09-15,Athena OMOP snapshot;tx.fhir.org,Athena LOINC snapshot 2026-01-21;tx LOINC 2.82,local-snapshot;txfhir,,input/fsh/terminology/ConceptMapCGMToOMOP.fsh
LOINC,24323-8,Comprehensive metabolic 2000 panel - Serum or Plasma,Comprehensive metabolic 2000 panel - Serum or Plasma,active,2026-09-15,Athena OMOP snapshot;tx.fhir.org,Athena LOINC snapshot 2026-01-21;tx LOINC 2.82,local-snapshot;txfhir,,input/fsh/terminology/ValueSetCDSSLabRecommendations.fsh
LOINC,26848-2,Interleukin 10 [Mass/volume] in Serum or Plasma,Interleukin 10 [Mass/volume] in Serum or Plasma,active,2026-09-15,Athena OMOP snapshot;tx.fhir.org,Athena LOINC snapshot 2026-01-21;tx LOINC 2.82,local-snapshot;txfhir,,input/fsh/examples/InflammatoryMarkersExamples.fsh;input/fsh/profiles/InflammatoryMarkersProfiles.fsh
LOINC,26881-3,Interleukin 6 [Mass/volume] in Serum or Plasma,Interleukin 6 [Mass/volume] in Serum or Plasma,active,2026-09-15,Athena OMOP snapshot;tx.fhir.org,Athena LOINC snapshot 2026-01-21;tx LOINC 2.82,local-snapshot;txfhir,,input/fsh/examples/InflammatoryMarkersExamples.fsh;input/fsh/profiles/InflammatoryMarkersProfiles.fsh
LOINC,2708-6,Oxygen saturation in Arterial blood,Oxygen saturation in Arterial blood,active,2026-09-15,Athena OMOP snapshot;tx.fhir.org,Athena LOINC snapshot 2026-01-21;tx LOINC 2.82,local-snapshot;txfhir,,input/fsh/examples/VitalSignsExamples.fsh;input/fsh/profiles/VitalSignsProfiles.fsh;input/fsh/terminology/ValueSetLOINCObservations.fsh
LOINC,29463-7,Body weight,Body weight,active,2026-09-15,Athena OMOP snapshot;tx.fhir.org,Athena LOINC snapshot 2026-01-21;tx LOINC 2.82,local-snapshot;txfhir,,input/fsh/examples/BodyMetricsExamples.fsh;input/fsh/extensions/BodyMetricsExtensions.fsh;input/fsh/profiles/BodyMetricsProfiles.fsh;input/fsh/terminology/ConceptMapVendorToLOINC.fsh;input/fsh/terminology/ValueSetLOINCObservations.fsh;input/fsh/valuesets/ReproductiveValueSets.fsh
LOINC,29762-2,Social history note,Social history Narrative,active,2026-09-15,Athena OMOP snapshot;tx.fhir.org,Athena LOINC snapshot 2026-01-21;tx LOINC 2.82,local-snapshot;txfhir,,input/fsh/examples/SocialHistoryExamples.fsh;input/fsh/profiles/IPSLifestyleMedicineComposition.fsh
LOINC,3016-3,Thyrotropin [Units/volume] in Serum or Plasma,Thyrotropin [Units/volume] in Serum or Plasma,active,2026-09-15,Athena OMOP snapshot;tx.fhir.org,Athena LOINC snapshot 2026-01-21;tx LOINC 2.82,local-snapshot;txfhir,,input/fsh/terminology/ValueSetCDSSLabRecommendations.fsh
LOINC,30522-7,C reactive protein [Mass/volume] in Serum or Plasma by High sensitivity method,C reactive protein [Mass/volume] in Serum or Plasma by High sensitivity method,active,2026-09-15,Athena OMOP snapshot;tx.fhir.org,Athena LOINC snapshot 2026-01-21;tx LOINC 2.82,local-snapshot;txfhir,,input/fsh/examples/CGMAndMetabolicExamples.fsh;input/fsh/examples/InflammatoryMarkersExamples.fsh;input/fsh/profiles/InflammatoryMarkersProfiles.fsh
LOINC,30525-0,Age,Age,active,2026-09-15,Athena OMOP snapshot;tx.fhir.org,Athena LOINC snapshot 2026-01-21;tx LOINC 2.82,local-snapshot;txfhir,,input/fsh/profiles/BulkExportGroup.fsh
LOINC,3074-2,Tumor necrosis factor.alpha [Mass/volume] in Serum or Plasma,Tumor necrosis factor.alpha [Mass/volume] in Serum or Plasma,active,2026-09-15,Athena OMOP snapshot;tx.fhir.org,Athena LOINC snapshot 2026-01-21;tx LOINC 2.82,local-snapshot;txfhir,,input/fsh/examples/InflammatoryMarkersExamples.fsh;input/fsh/profiles/InflammatoryMarkersProfiles.fsh
LOINC,30954-2,Relevant diagnostic tests/laboratory data Narrative,Relevant diagnostic tests/laboratory data Narrative,display-mismatch,2026-09-15,Athena OMOP snapshot;tx.fhir.org,Athena LOINC snapshot 2026-01-21;tx LOINC 2.82,local-snapshot;txfhir,tx display check: 'Relevant diagnostic tests/laboratory data Narrative' — Wrong Display Name 'Relevant diagnostic tests/laboratory data Narrative' for http://loinc.,input/fsh/profiles/IPSLifestyleMedicineComposition.fsh
LOINC,3144-3,Last menstrual period duration,Last menstrual period duration,active,2026-09-16,Athena OMOP snapshot;tx.fhir.org,Athena LOINC snapshot 2026-01-21;tx LOINC 2.82,local-snapshot;txfhir,,input/fsh/profiles/observations/social-history/ReproductiveObservation.fsh
LOINC,33211-4,Interleukin 8 [Mass/volume] in Serum or Plasma,Interleukin 8 [Mass/volume] in Serum or Plasma,active,2026-09-15,Athena OMOP snapshot;tx.fhir.org,Athena LOINC snapshot 2026-01-21;tx LOINC 2.82,local-snapshot;txfhir,,input/fsh/examples/InflammatoryMarkersExamples.fsh;input/fsh/profiles/InflammatoryMarkersProfiles.fsh
LOINC,33762-6,Natriuretic peptide.B prohormone N-Terminal [Mass/volume] in Serum or Plasma,Natriuretic peptide.B prohormone N-Terminal [Mass/volume] in Serum or Plasma,active,2026-09-15,Athena OMOP snapshot;tx.fhir.org,Athena LOINC snapshot 2026-01-21;tx LOINC 2.82,local-snapshot;txfhir,,input/fsh/profiles/InflammatoryMarkersProfiles.fsh
LOINC,34534-8,12 lead EKG panel,12 lead EKG panel,active,2026-09-15,Athena OMOP snapshot;tx.fhir.org,Athena LOINC snapshot 2026-01-21;tx LOINC 2.82,local-snapshot;txfhir,,input/fsh/terminology/ValueSetCDSSLabRecommendations.fsh
LOINC,39156-5,Body mass index (BMI) [Ratio],Body mass index (BMI) [Ratio],active,2026-09-15,Athena OMOP snapshot;tx.fhir.org,Athena LOINC snapshot 2026-01-21;tx LOINC 2.82,local-snapshot;txfhir,,input/fsh/examples/BodyMetricsExamples.fsh;input/fsh/profiles/BodyMetricsProfiles.fsh;input/fsh/terminology/ConceptMapVendorToLOINC.fsh;input/fsh/terminology/ValueSetLOINCObservations.fsh
LOINC,40442-6,Heart rate --post exercise,Heart rate --post exercise,active,2026-09-15,Athena OMOP snapshot;tx.fhir.org,Athena LOINC snapshot 2026-01-21;tx LOINC 2.82,local-snapshot;txfhir,,input/fsh/terminology/ValueSetLOINCObservations.fsh
LOINC,40443-4,Heart rate --resting,Heart rate --resting,active,2026-09-15,Athena OMOP snapshot;tx.fhir.org,Athena LOINC snapshot 2026-01-21;tx LOINC 2.82,local-snapshot;txfhir,,input/fsh/profiles/VitalSignsProfiles.fsh;input/fsh/terminology/ConceptMapHRVToOMOP.fsh;input/fsh/terminology/ConceptMapVendorToLOINC.fsh;input/fsh/terminology/ValueSetLOINCObservations.fsh
LOINC,41653-7,Glucose [Mass/volume] in Capillary blood by Glucometer,Glucose [Mass/volume] in Capillary blood by Glucometer,active,2026-09-16,Athena OMOP snapshot;tx.fhir.org,Athena LOINC snapshot 2026-01-21;tx LOINC 2.82,local-snapshot;txfhir,,input/fsh/examples/CGMAndMetabolicExamples.fsh;input/fsh/profiles/CGMProfile.fsh
LOINC,41924-2,Heart rate 24 hour mean,Heart rate 24 hour mean,active,2026-09-15,Athena OMOP snapshot;tx.fhir.org,Athena LOINC snapshot 2026-01-21;tx LOINC 2.82,local-snapshot;txfhir,,input/fsh/terminology/ConceptMapVendorToLOINC.fsh;input/fsh/terminology/ValueSetLOINCObservations.fsh
LOINC,41950-7,Number of steps in 24 hour Measured,Number of steps in 24 hour Measured,active,2026-09-15,Athena OMOP snapshot;tx.fhir.org,Athena LOINC snapshot 2026-01-21;tx LOINC 2.82,local-snapshot;txfhir,,input/fsh/terminology/ConceptMapVendorToLOINC.fsh;input/fsh/terminology/ValueSetLOINCObservations.fsh
LOINC,41981-2,Calories burned,Calories burned,active,2026-09-15,Athena OMOP snapshot;tx.fhir.org,Athena LOINC snapshot 2026-01-21;tx LOINC 2.82,local-snapshot;txfhir,,input/fsh/terminology/ConceptMapActivityToOMOP.fsh
LOINC,41982-0,Percentage of body fat Measured,Percentage of body fat Measured,active,2026-09-15,Athena OMOP snapshot;tx.fhir.org,Athena LOINC snapshot 2026-01-21;tx LOINC 2.82,local-snapshot;txfhir,,input/fsh/examples/BodyMetricsExamples.fsh;input/fsh/profiles/BodyMetricsProfiles.fsh;input/fsh/terminology/ConceptMapVendorToLOINC.fsh
LOINC,44973-6,QRS duration {Electrocardiograph lead},QRS duration {Electrocardiograph lead},active,2026-09-15,Athena OMOP snapshot;tx.fhir.org,Athena LOINC snapshot 2026-01-21;tx LOINC 2.82,local-snapshot;txfhir,,input/fsh/examples/ECGExamples.fsh;input/fsh/profiles/ECGProfiles.fsh
LOINC,4537-7,Erythrocyte sedimentation rate,Erythrocyte sedimentation rate [Velocity] in Red Blood Cells by Westergren method,display-mismatch,2026-09-15,Athena OMOP snapshot;tx.fhir.org,Athena LOINC snapshot 2026-01-21;tx LOINC 2.82,local-snapshot;txfhir,tx display check: 'Erythrocyte sedimentation rate' — Wrong Display Name 'Erythrocyte sedimentation rate' for http://loinc.org#4537-7. Valid dis,input/fsh/profiles/InflammatoryMarkersProfiles.fsh
LOINC,45404-1,Marital status,Marital status,active,2026-09-15,Athena OMOP snapshot;tx.fhir.org,Athena LOINC snapshot 2026-01-21;tx LOINC 2.82,local-snapshot;txfhir,,input/fsh/profiles/FamilyStructureProfile.fsh
LOINC,4548-4,Hemoglobin A1c/Hemoglobin.total in Blood,Hemoglobin A1c/Hemoglobin.total in Blood,active,2026-09-15,Athena OMOP snapshot;tx.fhir.org,Athena LOINC snapshot 2026-01-21;tx LOINC 2.82,local-snapshot;txfhir,,input/fsh/examples/AgentExamples.fsh;input/fsh/terminology/ValueSetCDSSLabRecommendations.fsh
LOINC,46264-8,History of medical device use,History of medical device use,active,2026-09-15,Athena OMOP snapshot;tx.fhir.org,Athena LOINC snapshot 2026-01-21;tx LOINC 2.82,local-snapshot;txfhir,,input/fsh/profiles/IPSLifestyleMedicineComposition.fsh
LOINC,47420-5,Functional status assessment note,Functional status assessment note,active,2026-09-15,Athena OMOP snapshot;tx.fhir.org,Athena LOINC snapshot 2026-01-21;tx LOINC 2.82,local-snapshot;txfhir,,input/fsh/profiles/IPSLifestyleMedicineComposition.fsh
LOINC,47519-4,History of Procedures Document,History of Procedures Document,active,2026-09-15,Athena OMOP snapshot;tx.fhir.org,Athena LOINC snapshot 2026-01-21;tx LOINC 2.82,local-snapshot;txfhir,,input/fsh/profiles/IPSLifestyleMedicineComposition.fsh
LOINC,48765-2,Allergies and adverse reactions Document,Allergies and adverse reactions Document,active,2026-09-15,Athena OMOP snapshot;tx.fhir.org,Athena LOINC snapshot 2026-01-21;tx LOINC 2.82,local-snapshot;txfhir,,input/fsh/profiles/IPSLifestyleMedicineComposition.fsh
LOINC,49033-4,Menstrual History - Reported,Menstrual History - Reported,active,2026-09-15,Athena OMOP snapshot;tx.fhir.org,Athena LOINC snapshot 2026-01-21;tx LOINC 2.82,local-snapshot;txfhir,,input/fsh/valuesets/ReproductiveValueSets.fsh
LOINC,55411-3,Exercise duration,Exercise duration,active,2026-09-15,Athena OMOP snapshot;tx.fhir.org,Athena LOINC snapshot 2026-01-21;tx LOINC 2.82,local-snapshot;txfhir,,input/fsh/examples/PhysicalActivityExamples.fsh;input/fsh/examples/RoundTripValidationExamples.fsh;input/fsh/profiles/PhysicalActivityProfile.fsh;input/fsh/profiles/SportSpecificProfiles.fsh;input/fsh/terminology/ConceptMapActivityToOMOP.fsh
LOINC,55423-8,Number of steps in unspecified time Pedometer,Number of steps in unspecified time Pedometer,active,2026-09-15,Athena OMOP snapshot;tx.fhir.org,Athena LOINC snapshot 2026-01-21;tx LOINC 2.82,local-snapshot;txfhir,,input/fsh/examples/PhysicalActivityExamples.fsh;input/fsh/examples/RoundTripValidationExamples.fsh;input/fsh/profiles/BulkExportGroup.fsh;input/fsh/profiles/PhysicalActivityProfile.fsh;input/fsh/terminology/ConceptMapActivityToOMOP.fsh;input/fsh/terminology/ConceptMapVendorToLOINC.fsh;input/fsh/terminology/ValueSetLOINCObservations.fsh
LOINC,55424-6,Calories burned in unspecified time Pedometer,Calories burned in unspecified time Pedometer,active,2026-09-15,Athena OMOP snapshot;tx.fhir.org,Athena LOINC snapshot 2026-01-21;tx LOINC 2.82,local-snapshot;txfhir,,input/fsh/examples/PhysicalActivityExamples.fsh;input/fsh/examples/RoundTripValidationExamples.fsh;input/fsh/profiles/PhysicalActivityProfile.fsh;input/fsh/profiles/SportSpecificProfiles.fsh
LOINC,55425-3,Heart rate unspecified time mean by Pedometer,Heart rate unspecified time mean by Pedometer,active,2026-09-15,Athena OMOP snapshot;tx.fhir.org,Athena LOINC snapshot 2026-01-21;tx LOINC 2.82,local-snapshot;txfhir,,input/fsh/profiles/VitalSignsProfiles.fsh
LOINC,55430-3,Walking distance unspecified time Pedometer,Walking distance unspecified time Pedometer,active,2026-09-15,Athena OMOP snapshot;tx.fhir.org,Athena LOINC snapshot 2026-01-21;tx LOINC 2.82,local-snapshot;txfhir,,input/fsh/examples/PhysicalActivityExamples.fsh;input/fsh/examples/RoundTripValidationExamples.fsh;input/fsh/profiles/PhysicalActivityProfile.fsh;input/fsh/profiles/SportSpecificProfiles.fsh;input/fsh/terminology/ConceptMapActivityToOMOP.fsh
LOINC,57021-8,CBC W Auto Differential panel - Blood,CBC W Auto Differential panel - Blood,active,2026-09-15,Athena OMOP snapshot;tx.fhir.org,Athena LOINC snapshot 2026-01-21;tx LOINC 2.82,local-snapshot;txfhir,,input/fsh/terminology/ValueSetCDSSLabRecommendations.fsh
LOINC,58477-1,Pulmonary function study,Pulmonary function study,active,2026-09-15,Athena OMOP snapshot;tx.fhir.org,Athena LOINC snapshot 2026-01-21;tx LOINC 2.82,local-snapshot;txfhir,,input/fsh/terminology/ValueSetCDSSLabRecommendations.fsh
LOINC,59284-0,Consent Document,Consent Document,active,2026-09-15,Athena OMOP snapshot;tx.fhir.org,Athena LOINC snapshot 2026-01-21;tx LOINC 2.82,local-snapshot;txfhir,,input/fsh/examples/AIComplianceRoundTripBundle.fsh;input/fsh/examples/CFMExamples.fsh;input/fsh/extensions/MindfulnessSecurity.fsh
LOINC,59408-5,Oxygen saturation in Arterial blood by Pulse oximetry,Oxygen saturation in Arterial blood by Pulse oximetry,active,2026-09-15,Athena OMOP snapshot;tx.fhir.org,Athena LOINC snapshot 2026-01-21;tx LOINC 2.82,local-snapshot;txfhir,,input/fsh/examples/VitalSignsExamples.fsh;input/fsh/profiles/BulkExportGroup.fsh;input/fsh/profiles/VitalSignsProfiles.fsh;input/fsh/terminology/ConceptMapVendorToLOINC.fsh;input/fsh/terminology/ValueSetLOINCObservations.fsh
LOINC,60591-5,Patient summary Document,Patient summary Document,active,2026-09-15,Athena OMOP snapshot;tx.fhir.org,Athena LOINC snapshot 2026-01-21;tx LOINC 2.82,local-snapshot;txfhir,,input/fsh/profiles/IPSLifestyleMedicineComposition.fsh
LOINC,60832-3,Room temperature,Room temperature,active,2026-09-15,Athena OMOP snapshot;tx.fhir.org,Athena LOINC snapshot 2026-01-21;tx LOINC 2.82,local-snapshot;txfhir,,input/fsh/examples/EnvironmentalExamples.fsh
LOINC,60842-2,Oxygen consumption (VO2),Oxygen consumption (VO2),active,2026-09-15,Athena OMOP snapshot;tx.fhir.org,Athena LOINC snapshot 2026-01-21;tx LOINC 2.82,local-snapshot;txfhir,,input/fsh/profiles/BulkExportGroup.fsh;input/fsh/profiles/RecoveryVO2maxProfiles.fsh
LOINC,61150-9,Subjective Narrative,Subjective Narrative,active,2026-09-15,Athena OMOP snapshot;tx.fhir.org,Athena LOINC snapshot 2026-01-21;tx LOINC 2.82,local-snapshot;txfhir,,input/fsh/profiles/IPSLifestyleMedicineComposition.fsh
LOINC,62933-7,PhenX - social isolation protocol 181001,PhenX - social isolation protocol 181001,active,2026-09-15,Athena OMOP snapshot;tx.fhir.org,Athena LOINC snapshot 2026-01-21;tx LOINC 2.82,local-snapshot;txfhir,,input/fsh/examples/SocialInteractionExamples.fsh;input/fsh/profiles/LonelinessAssessmentProfile.fsh
LOINC,63512-8,How many people are living or staying at this address [#],How many people are living or staying at this address [#],active,2026-09-15,Athena OMOP snapshot;tx.fhir.org,Athena LOINC snapshot 2026-01-21;tx LOINC 2.82,local-snapshot;txfhir,,input/fsh/examples/SocialInteractionExamples.fsh;input/fsh/profiles/FamilyStructureProfile.fsh;input/fsh/terminology/ConceptMapSocialToLOINC.fsh;input/fsh/terminology/ValueSetLOINCObservations.fsh
LOINC,63610-0,Age when first started smoking cigarettes fairly regularly,Age when first started smoking cigarettes fairly regularly,active,2026-09-15,Athena OMOP snapshot;tx.fhir.org,Athena LOINC snapshot 2026-01-21;tx LOINC 2.82,local-snapshot;txfhir,,input/fsh/profiles/SubstanceUseProfile.fsh
LOINC,64098-7,Six minute walk test,Six minute walk test,active,2026-09-15,Athena OMOP snapshot;tx.fhir.org,Athena LOINC snapshot 2026-01-21;tx LOINC 2.82,local-snapshot;txfhir,,input/fsh/examples/MobilityExamples.fsh;input/fsh/profiles/MobilityProfiles.fsh
LOINC,64218-1,How many cigarettes do you smoke per day now [PhenX],How many cigarettes do you smoke per day now [PhenX],active,2026-09-15,Athena OMOP snapshot;tx.fhir.org,Athena LOINC snapshot 2026-01-21;tx LOINC 2.82,local-snapshot;txfhir,,input/fsh/examples/SubstanceUseExamples.fsh;input/fsh/profiles/SubstanceUseProfile.fsh
LOINC,64394-0,PhenX - perceived stress protocol 180801,PhenX - perceived stress protocol 180801,active,2026-09-15,Athena OMOP snapshot;tx.fhir.org,Athena LOINC snapshot 2026-01-21;tx LOINC 2.82,local-snapshot;txfhir,,input/fsh/examples/StressExamples.fsh;input/fsh/profiles/StressLevelProfile.fsh
LOINC,64699-2,"During ages 18-22 what was the pattern of your menstrual cycles, excluding time around pregnancies [PhenX]","During ages 18-22 what was the pattern of your menstrual cycles, excluding time around pregnancies [PhenX]",active,2026-09-16,Athena OMOP snapshot;tx.fhir.org,Athena LOINC snapshot 2026-01-21;tx LOINC 2.82,local-snapshot;txfhir,,input/fsh/profiles/observations/social-history/ReproductiveObservation.fsh
LOINC,66855-8,How often do you feel that you lack companionship,How often do you feel that you lack companionship,active,2026-09-15,Athena OMOP snapshot;tx.fhir.org,Athena LOINC snapshot 2026-01-21;tx LOINC 2.82,local-snapshot;txfhir,,input/fsh/terminology/ConceptMapSocialToLOINC.fsh;input/fsh/terminology/ValueSetLOINCObservations.fsh
LOINC,66857-4,How often do you feel alone | How often do you feel alone [UCLA Loneliness v3],How often do you feel alone [UCLA Loneliness v3],display-mismatch,2026-09-15,Athena OMOP snapshot;tx.fhir.org,Athena LOINC snapshot 2026-01-21;tx LOINC 2.82,local-snapshot;txfhir,tx display check: 'How often do you feel alone' — Wrong Display Name 'How often do you feel alone' for http://loinc.org#66857-4. Valid displ,input/fsh/profiles/LonelinessAssessmentProfile.fsh;input/fsh/terminology/ConceptMapSocialToLOINC.fsh;input/fsh/terminology/ValueSetLOINCObservations.fsh
LOINC,66867-3,How often do you feel isolated from others,How often do you feel isolated from others,active,2026-09-15,Athena OMOP snapshot;tx.fhir.org,Athena LOINC snapshot 2026-01-21;tx LOINC 2.82,local-snapshot;txfhir,,input/fsh/profiles/LonelinessAssessmentProfile.fsh;input/fsh/terminology/ConceptMapSocialToLOINC.fsh;input/fsh/terminology/ValueSetLOINCObservations.fsh
LOINC,68518-0,How often do you have a drink containing alcohol,How often do you have a drink containing alcohol,active,2026-09-15,Athena OMOP snapshot;tx.fhir.org,Athena LOINC snapshot 2026-01-21;tx LOINC 2.82,local-snapshot;txfhir,,input/fsh/examples/SubstanceUseExamples.fsh;input/fsh/profiles/SubstanceUseProfile.fsh
LOINC,68519-8,How many standard drinks containing alcohol do you have on a typical day,How many standard drinks containing alcohol do you have on a typical day,active,2026-09-15,Athena OMOP snapshot;tx.fhir.org,Athena LOINC snapshot 2026-01-21;tx LOINC 2.82,local-snapshot;txfhir,,input/fsh/examples/SubstanceUseExamples.fsh;input/fsh/profiles/SubstanceUseProfile.fsh
LOINC,68520-6,How often do you have 6 or more drinks on 1 occasion,How often do you have 6 or more drinks on 1 occasion,active,2026-09-15,Athena OMOP snapshot;tx.fhir.org,Athena LOINC snapshot 2026-01-21;tx LOINC 2.82,local-snapshot;txfhir,,input/fsh/examples/SubstanceUseExamples.fsh;input/fsh/profiles/SubstanceUseProfile.fsh
LOINC,68524-8,How many times in the past year have you used an illegal drug or used a prescription medication for non-medical reasons,How many times in the past year have you used an illegal drug or used a prescription medication for non-medical reasons,active,2026-09-15,Athena OMOP snapshot;tx.fhir.org,Athena LOINC snapshot 2026-01-21;tx LOINC 2.82,local-snapshot;txfhir,,input/fsh/examples/SubstanceUseExamples.fsh;input/fsh/profiles/SubstanceUseProfile.fsh
LOINC,71426-1,C reactive protein [Mass/volume] in Blood by High sensitivity method,C reactive protein [Mass/volume] in Blood by High sensitivity method,active,2026-09-15,Athena OMOP snapshot;tx.fhir.org,Athena LOINC snapshot 2026-01-21;tx LOINC 2.82,local-snapshot;txfhir,,input/fsh/examples/AIComplianceExamples.fsh;input/fsh/examples/AIComplianceRoundTripBundle.fsh
LOINC,72166-2,Tobacco smoking status,Tobacco smoking status,active,2026-09-15,Athena OMOP snapshot;tx.fhir.org,Athena LOINC snapshot 2026-01-21;tx LOINC 2.82,local-snapshot;txfhir,,input/fsh/examples/SubstanceUseExamples.fsh;input/fsh/profiles/SubstanceUseProfile.fsh
LOINC,72514-3,Pain severity - 0-10 verbal numeric rating [Score] - Reported,Pain severity - 0-10 verbal numeric rating [Score] - Reported,active,2026-09-16,Athena OMOP snapshot;tx.fhir.org,Athena LOINC snapshot 2026-01-21;tx LOINC 2.82,local-snapshot;txfhir,,input/fsh/profiles/observations/social-history/ReproductiveObservation.fsh
LOINC,73965-6,Body muscle mass/Body weight Measured,Body muscle mass/Body weight Measured,active,2026-09-15,Athena OMOP snapshot;tx.fhir.org,Athena LOINC snapshot 2026-01-21;tx LOINC 2.82,local-snapshot;txfhir,,input/fsh/examples/BodyMetricsExamples.fsh;input/fsh/profiles/BodyMetricsProfiles.fsh
LOINC,73985-4,Exercise activity,Exercise activity,active,2026-09-15,Athena OMOP snapshot;tx.fhir.org,Athena LOINC snapshot 2026-01-21;tx LOINC 2.82,local-snapshot;txfhir,,input/fsh/profiles/IPSLifestyleMedicineComposition.fsh;input/fsh/profiles/SportSpecificProfiles.fsh
LOINC,74010-0,Date quit tobacco smoking,Date quit tobacco smoking,active,2026-09-15,Athena OMOP snapshot;tx.fhir.org,Athena LOINC snapshot 2026-01-21;tx LOINC 2.82,local-snapshot;txfhir,,input/fsh/examples/SubstanceUseExamples.fsh;input/fsh/profiles/SubstanceUseProfile.fsh
LOINC,74013-4,Alcoholic drinks per day,Alcoholic drinks per day,active,2026-09-15,Athena OMOP snapshot;tx.fhir.org,Athena LOINC snapshot 2026-01-21;tx LOINC 2.82,local-snapshot;txfhir,,input/fsh/profiles/SubstanceUseProfile.fsh;input/fsh/terminology/ConceptMapVendorToLOINC.fsh
LOINC,74204-9,Drug use [NTDS],Drug use [NTDS],active,2026-09-15,Athena OMOP snapshot;tx.fhir.org,Athena LOINC snapshot 2026-01-21;tx LOINC 2.82,local-snapshot;txfhir,,input/fsh/examples/SubstanceUseExamples.fsh;input/fsh/profiles/SubstanceUseProfile.fsh
LOINC,75297-2,Fat intake 24 hour Estimated,Fat intake 24 hour Estimated,active,2026-09-15,Athena OMOP snapshot;tx.fhir.org,Athena LOINC snapshot 2026-01-21;tx LOINC 2.82,local-snapshot;txfhir,,input/fsh/terminology/ConceptMapVendorToLOINC.fsh
LOINC,75626-2,Total score [AUDIT-C],Total score [AUDIT-C],active,2026-09-15,Athena OMOP snapshot;tx.fhir.org,Athena LOINC snapshot 2026-01-21;tx LOINC 2.82,local-snapshot;txfhir,,input/fsh/examples/SubstanceUseExamples.fsh;input/fsh/profiles/SubstanceUseProfile.fsh
LOINC,75689-0,Iron panel - Serum or Plasma,Iron panel - Serum or Plasma,active,2026-09-15,Athena OMOP snapshot;tx.fhir.org,Athena LOINC snapshot 2026-01-21;tx LOINC 2.82,local-snapshot;txfhir,,input/fsh/terminology/ValueSetCDSSLabRecommendations.fsh
LOINC,76282-3,Heart rate.beat-to-beat by EKG,Heart rate.beat-to-beat by EKG,active,2026-09-15,Athena OMOP snapshot;tx.fhir.org,Athena LOINC snapshot 2026-01-21;tx LOINC 2.82,local-snapshot;txfhir,,input/fsh/examples/ECGExamples.fsh;input/fsh/examples/ExtensionAndSubstanceExamples.fsh;input/fsh/profiles/ECGProfiles.fsh
LOINC,76506-5,Social connection and isolation panel,Social connection and isolation panel,active,2026-09-15,Athena OMOP snapshot;tx.fhir.org,Athena LOINC snapshot 2026-01-21;tx LOINC 2.82,local-snapshot;txfhir,,input/fsh/examples/SocialInteractionExamples.fsh;input/fsh/profiles/SocialInteractionProfile.fsh
LOINC,76643-6,R-R interval.standard deviation (Heart rate variability) by EKG,R-R interval.standard deviation (Heart rate variability) by EKG,active,2026-09-15,Athena OMOP snapshot;tx.fhir.org,Athena LOINC snapshot 2026-01-21;tx LOINC 2.82,local-snapshot;txfhir,,input/fsh/profiles/BulkExportGroup.fsh
LOINC,76644-4,R-R interval.coefficient of variation by EKG,R-R interval.coefficient of variation by EKG,active,2026-09-15,Athena OMOP snapshot;tx.fhir.org,Athena LOINC snapshot 2026-01-21;tx LOINC 2.82,local-snapshot;txfhir,,input/fsh/profiles/BulkExportGroup.fsh
LOINC,77233-5,Percentage of body fat by Bioelectrical impedance analysis,Percentage of body fat by Bioelectrical impedance analysis,active,2026-09-15,Athena OMOP snapshot;tx.fhir.org,Athena LOINC snapshot 2026-01-21;tx LOINC 2.82,local-snapshot;txfhir,,input/fsh/terminology/ConceptMapBodyMetricsToLOINC.fsh
LOINC,77582-5,International Physical Activity Questionnaire Self-Administered Short Form [IPAQ],International Physical Activity Questionnaire Self-Administered Short Form [IPAQ],active,2026-09-15,Athena OMOP snapshot;tx.fhir.org,Athena LOINC snapshot 2026-01-21;tx LOINC 2.82,local-snapshot;txfhir,,input/fsh/profiles/questionnaires/PhysicalActivityQuestionnaires.fsh
LOINC,77583-3,"During the last 7 days, on how many days did you do vigorous physical activities like heavy lifting, digging, aerobics, or fast bicycling for at least 10 minutes at a time [IPAQ]","During the last 7 days, on how many days did you do vigorous physical activities like heavy lifting, digging, aerobics, or fast bicycling for at least 10 minutes at a time [IPAQ]",active,2026-09-15,Athena OMOP snapshot;tx.fhir.org,Athena LOINC snapshot 2026-01-21;tx LOINC 2.82,local-snapshot;txfhir,,input/fsh/profiles/questionnaires/PhysicalActivityQuestionnaires.fsh
LOINC,77584-1,How much time did you usually spend doing vigorous physical activities on one of those days [IPAQ],How much time did you usually spend doing vigorous physical activities on one of those days [IPAQ],active,2026-09-15,Athena OMOP snapshot;tx.fhir.org,Athena LOINC snapshot 2026-01-21;tx LOINC 2.82,local-snapshot;txfhir,,input/fsh/profiles/questionnaires/PhysicalActivityQuestionnaires.fsh
LOINC,77585-8,"During the last 7 days, on how many days did you do moderate physical activities like carrying light loads, bicycling at a regular pace, or doubles tennis for at least 10 minutes at a time [IPAQ]","During the last 7 days, on how many days did you do moderate physical activities like carrying light loads, bicycling at a regular pace, or doubles tennis for at least 10 minutes at a time [IPAQ]",active,2026-09-15,Athena OMOP snapshot;tx.fhir.org,Athena LOINC snapshot 2026-01-21;tx LOINC 2.82,local-snapshot;txfhir,,input/fsh/profiles/questionnaires/PhysicalActivityQuestionnaires.fsh
LOINC,77586-6,How much time did you usually spend doing moderate physical activities on one of those days [IPAQ],How much time did you usually spend doing moderate physical activities on one of those days [IPAQ],active,2026-09-15,Athena OMOP snapshot;tx.fhir.org,Athena LOINC snapshot 2026-01-21;tx LOINC 2.82,local-snapshot;txfhir,,input/fsh/profiles/questionnaires/PhysicalActivityQuestionnaires.fsh
LOINC,77587-4,"During the last 7 days, on how many days did you walk for at least 10 minutes at a time [IPAQ]","During the last 7 days, on how many days did you walk for at least 10 minutes at a time [IPAQ]",active,2026-09-15,Athena OMOP snapshot;tx.fhir.org,Athena LOINC snapshot 2026-01-21;tx LOINC 2.82,local-snapshot;txfhir,,input/fsh/profiles/questionnaires/PhysicalActivityQuestionnaires.fsh
LOINC,77588-2,How much time did you usually spend walking on one of those days [IPAQ],How much time did you usually spend walking on one of those days [IPAQ],active,2026-09-15,Athena OMOP snapshot;tx.fhir.org,Athena LOINC snapshot 2026-01-21;tx LOINC 2.82,local-snapshot;txfhir,,input/fsh/profiles/questionnaires/PhysicalActivityQuestionnaires.fsh
LOINC,77589-0,"During the last 7 days, how much time did you usually spend sitting on a weekday [IPAQ]","During the last 7 days, how much time did you usually spend sitting on a weekday [IPAQ]",active,2026-09-15,Athena OMOP snapshot;tx.fhir.org,Athena LOINC snapshot 2026-01-21;tx LOINC 2.82,local-snapshot;txfhir,,input/fsh/profiles/questionnaires/PhysicalActivityQuestionnaires.fsh
LOINC,77594-0,Total physical activity [IPAQ],Total physical activity [IPAQ],active,2026-09-15,Athena OMOP snapshot;tx.fhir.org,Athena LOINC snapshot 2026-01-21;tx LOINC 2.82,local-snapshot;txfhir,,input/fsh/examples/QuestionnaireScoreExamples.fsh
LOINC,80404-7,R-R interval.standard deviation (Heart rate variability),R-R interval.standard deviation (Heart rate variability),active,2026-09-15,Athena OMOP snapshot;tx.fhir.org,Athena LOINC snapshot 2026-01-21;tx LOINC 2.82,local-snapshot;txfhir,,input/fsh/ValueSetHeartRateVariability.fsh;input/fsh/examples/AIComplianceRoundTripBundle.fsh;input/fsh/examples/ProvenanceExamples.fsh;input/fsh/examples/RoundTripValidationExamples.fsh;input/fsh/examples/SleepExamples.fsh;input/fsh/examples/VitalSignsExamples.fsh;input/fsh/profiles/BulkExportGroup.fsh;input/fsh/profiles/LifestyleMedicineGroupETL.fsh;input/fsh/profiles/SleepProfile.fsh;input/fsh/profiles/VitalSignsProfiles.fsh;input/fsh/terminology/ConceptMapHRVToLOINC.fsh;input/fsh/terminology/ConceptMapHRVToOMOP.fsh;input/fsh/terminology/ConceptMapVendorToLOINC.fsh;input/fsh/terminology/ValueSetLOINCObservations.fsh
LOINC,80489-8,Caffeine intake 24 hour Estimated,Caffeine intake 24 hour Estimated,active,2026-09-15,Athena OMOP snapshot;tx.fhir.org,Athena LOINC snapshot 2026-01-21;tx LOINC 2.82,local-snapshot;txfhir,,input/fsh/examples/SubstanceUseExamples.fsh;input/fsh/profiles/SubstanceUseProfile.fsh;input/fsh/terminology/ConceptMapNutritionToLOINC.fsh;input/fsh/terminology/ConceptMapVendorToLOINC.fsh;input/fsh/terminology/ValueSetLOINCObservations.fsh
LOINC,81005-1,Magnesium intake 24 hour Estimated,Magnesium intake 24 hour Estimated,active,2026-09-15,Athena OMOP snapshot;tx.fhir.org,Athena LOINC snapshot 2026-01-21;tx LOINC 2.82,local-snapshot;txfhir,,input/fsh/examples/NutritionExamples.fsh;input/fsh/profiles/NutritionProfiles.fsh;input/fsh/terminology/ConceptMapNutritionToLOINC.fsh;input/fsh/terminology/ValueSetLOINCObservations.fsh
LOINC,81010-1,Potassium intake 24 hour Estimated,Potassium intake 24 hour Estimated,active,2026-09-15,Athena OMOP snapshot;tx.fhir.org,Athena LOINC snapshot 2026-01-21;tx LOINC 2.82,local-snapshot;txfhir,,input/fsh/profiles/NutritionProfiles.fsh;input/fsh/terminology/ConceptMapNutritionToLOINC.fsh;input/fsh/terminology/ValueSetLOINCObservations.fsh
LOINC,81011-9,Sodium intake 24 hour Estimated,Sodium intake 24 hour Estimated,active,2026-09-15,Athena OMOP snapshot;tx.fhir.org,Athena LOINC snapshot 2026-01-21;tx LOINC 2.82,local-snapshot;txfhir,,input/fsh/examples/NutritionExamples.fsh;input/fsh/profiles/NutritionProfiles.fsh;input/fsh/terminology/ConceptMapNutritionToLOINC.fsh;input/fsh/terminology/ValueSetLOINCObservations.fsh
LOINC,81033-3,Saturated fat intake 24 hour Estimated,Saturated fat intake 24 hour Estimated,active,2026-09-16,Athena OMOP snapshot;tx.fhir.org,Athena LOINC snapshot 2026-01-21;tx LOINC 2.82,local-snapshot;txfhir,,input/fsh/terminology/ConceptMapNutritionToLOINC.fsh;input/fsh/terminology/ValueSetLOINCObservations.fsh
LOINC,81062-2,Vitamin B12 intake 24 hour Estimated,Vitamin B12 intake 24 hour Estimated,active,2026-09-15,Athena OMOP snapshot;tx.fhir.org,Athena LOINC snapshot 2026-01-21;tx LOINC 2.82,local-snapshot;txfhir,,input/fsh/examples/NutritionExamples.fsh;input/fsh/profiles/NutritionProfiles.fsh;input/fsh/terminology/ConceptMapNutritionToLOINC.fsh;input/fsh/terminology/ValueSetLOINCObservations.fsh
LOINC,81066-3,Vitamin B9 (Folate) intake 24 hour Estimated,Vitamin B9 (Folate) intake 24 hour Estimated,active,2026-09-15,Athena OMOP snapshot;tx.fhir.org,Athena LOINC snapshot 2026-01-21;tx LOINC 2.82,local-snapshot;txfhir,,input/fsh/profiles/NutritionProfiles.fsh;input/fsh/terminology/ConceptMapNutritionToLOINC.fsh;input/fsh/terminology/ValueSetLOINCObservations.fsh
LOINC,81072-1,Vitamin A intake 24 hour Estimated,Vitamin A intake 24 hour Estimated,active,2026-09-15,Athena OMOP snapshot;tx.fhir.org,Athena LOINC snapshot 2026-01-21;tx LOINC 2.82,local-snapshot;txfhir,,input/fsh/profiles/NutritionProfiles.fsh;input/fsh/terminology/ConceptMapNutritionToLOINC.fsh;input/fsh/terminology/ValueSetLOINCObservations.fsh
LOINC,81074-7,Vitamin C intake 24 hour Estimated,Vitamin C intake 24 hour Estimated,active,2026-09-15,Athena OMOP snapshot;tx.fhir.org,Athena LOINC snapshot 2026-01-21;tx LOINC 2.82,local-snapshot;txfhir,,input/fsh/examples/NutritionExamples.fsh;input/fsh/profiles/NutritionProfiles.fsh;input/fsh/terminology/ConceptMapNutritionToLOINC.fsh;input/fsh/terminology/ValueSetLOINCObservations.fsh
LOINC,81076-2,Vitamin E intake 24 hour Estimated,Vitamin E intake 24 hour Estimated,active,2026-09-15,Athena OMOP snapshot;tx.fhir.org,Athena LOINC snapshot 2026-01-21;tx LOINC 2.82,local-snapshot;txfhir,,input/fsh/profiles/NutritionProfiles.fsh;input/fsh/terminology/ConceptMapNutritionToLOINC.fsh;input/fsh/terminology/ValueSetLOINCObservations.fsh
LOINC,81082-0,Iron intake 24 hour Estimated,Iron intake 24 hour Estimated,active,2026-09-15,Athena OMOP snapshot;tx.fhir.org,Athena LOINC snapshot 2026-01-21;tx LOINC 2.82,local-snapshot;txfhir,,input/fsh/examples/NutritionExamples.fsh;input/fsh/profiles/NutritionProfiles.fsh;input/fsh/terminology/ConceptMapNutritionToLOINC.fsh;input/fsh/terminology/ValueSetLOINCObservations.fsh
LOINC,81089-5,Zinc intake 24 hour Estimated,Zinc intake 24 hour Estimated,active,2026-09-15,Athena OMOP snapshot;tx.fhir.org,Athena LOINC snapshot 2026-01-21;tx LOINC 2.82,local-snapshot;txfhir,,input/fsh/profiles/NutritionProfiles.fsh;input/fsh/terminology/ConceptMapNutritionToLOINC.fsh;input/fsh/terminology/ValueSetLOINCObservations.fsh
LOINC,81133-1,Fiber intake 24 hour Estimated,Fiber intake 24 hour Estimated,active,2026-09-16,Athena OMOP snapshot;tx.fhir.org,Athena LOINC snapshot 2026-01-21;tx LOINC 2.82,local-snapshot;txfhir,,input/fsh/terminology/ConceptMapNutritionToLOINC.fsh;input/fsh/terminology/ValueSetLOINCObservations.fsh
LOINC,81137-2,Calcium intake 24 hour Estimated,Calcium intake 24 hour Estimated,active,2026-09-15,Athena OMOP snapshot;tx.fhir.org,Athena LOINC snapshot 2026-01-21;tx LOINC 2.82,local-snapshot;txfhir,,input/fsh/examples/NutritionExamples.fsh;input/fsh/profiles/NutritionProfiles.fsh;input/fsh/terminology/ConceptMapNutritionToLOINC.fsh;input/fsh/terminology/ValueSetLOINCObservations.fsh
LOINC,81228-9,Tobacco product,Tobacco product,active,2026-09-15,Athena OMOP snapshot;tx.fhir.org,Athena LOINC snapshot 2026-01-21;tx LOINC 2.82,local-snapshot;txfhir,,input/fsh/examples/SubstanceUseExamples.fsh;input/fsh/profiles/SubstanceUseProfile.fsh
LOINC,81929-2,Vitamin D intake 24 hour Estimated,Vitamin D intake 24 hour Estimated,active,2026-09-15,Athena OMOP snapshot;tx.fhir.org,Athena LOINC snapshot 2026-01-21;tx LOINC 2.82,local-snapshot;txfhir,,input/fsh/examples/NutritionExamples.fsh;input/fsh/profiles/NutritionProfiles.fsh;input/fsh/terminology/ConceptMapNutritionToLOINC.fsh;input/fsh/terminology/ValueSetLOINCObservations.fsh
LOINC,81941-7,Micronutrient intake panel,Micronutrient intake panel,active,2026-09-15,Athena OMOP snapshot;tx.fhir.org,Athena LOINC snapshot 2026-01-21;tx LOINC 2.82,local-snapshot;txfhir,,input/fsh/examples/NutritionExamples.fsh;input/fsh/profiles/NutritionProfiles.fsh
LOINC,82290-8,Frequency of moderate to vigorous aerobic physical activity,Frequency of moderate to vigorous aerobic physical activity,active,2026-09-15,Athena OMOP snapshot;tx.fhir.org,Athena LOINC snapshot 2026-01-21;tx LOINC 2.82,local-snapshot;txfhir,,input/fsh/terminology/ConceptMapActivityToOMOP.fsh
LOINC,82335-1,Cytokines panel - Serum or Plasma,Cytokines panel - Serum or Plasma,active,2026-09-15,Athena OMOP snapshot;tx.fhir.org,Athena LOINC snapshot 2026-01-21;tx LOINC 2.82,local-snapshot;txfhir,,input/fsh/examples/InflammatoryMarkersExamples.fsh
LOINC,82611-5,Wearable device external physiologic monitoring panel,Wearable device external physiologic monitoring panel,active,2026-09-15,Athena OMOP snapshot;tx.fhir.org,Athena LOINC snapshot 2026-01-21;tx LOINC 2.82,local-snapshot;txfhir,,input/fsh/terminology/ConceptMapSleepToLOINC.fsh;input/fsh/terminology/ValueSetLOINCObservations.fsh
LOINC,8280-0,Waist Circumference at umbilicus by Tape measure,Waist Circumference at umbilicus by Tape measure,active,2026-09-15,Athena OMOP snapshot;tx.fhir.org,Athena LOINC snapshot 2026-01-21;tx LOINC 2.82,local-snapshot;txfhir,,input/fsh/terminology/ConceptMapVendorToLOINC.fsh
LOINC,82810-3,Pregnancy status,Pregnancy status,active,2026-09-15,Athena OMOP snapshot;tx.fhir.org,Athena LOINC snapshot 2026-01-21;tx LOINC 2.82,local-snapshot;txfhir,,input/fsh/profiles/ReproductiveProfiles.fsh
LOINC,8287-5,Head Occipital-frontal circumference by Tape measure,Head Occipital-frontal circumference by Tape measure,active,2026-09-15,Athena OMOP snapshot;tx.fhir.org,Athena LOINC snapshot 2026-01-21;tx LOINC 2.82,local-snapshot;txfhir,,input/fsh/terminology/ValueSetLOINCObservations.fsh
LOINC,8302-2,Body height,Body height,active,2026-09-15,Athena OMOP snapshot;tx.fhir.org,Athena LOINC snapshot 2026-01-21;tx LOINC 2.82,local-snapshot;txfhir,,input/fsh/examples/BodyMetricsExamples.fsh;input/fsh/profiles/BodyMetricsProfiles.fsh;input/fsh/terminology/ConceptMapVendorToLOINC.fsh;input/fsh/terminology/ValueSetLOINCObservations.fsh;input/fsh/valuesets/ReproductiveValueSets.fsh
LOINC,8310-5,Body temperature,Body temperature,active,2026-09-15,Athena OMOP snapshot;tx.fhir.org,Athena LOINC snapshot 2026-01-21;tx LOINC 2.82,local-snapshot;txfhir,,input/fsh/examples/VitalSignsExamples.fsh;input/fsh/profiles/VitalSignsProfiles.fsh;input/fsh/terminology/ConceptMapVendorToLOINC.fsh;input/fsh/valuesets/ReproductiveValueSets.fsh
LOINC,8328-7,Axillary temperature,Axillary temperature,active,2026-09-15,Athena OMOP snapshot;tx.fhir.org,Athena LOINC snapshot 2026-01-21;tx LOINC 2.82,local-snapshot;txfhir,,input/fsh/profiles/VitalSignsProfiles.fsh
LOINC,8331-1,Oral temperature,Oral temperature,active,2026-09-15,Athena OMOP snapshot;tx.fhir.org,Athena LOINC snapshot 2026-01-21;tx LOINC 2.82,local-snapshot;txfhir,,input/fsh/terminology/ConceptMapVendorToLOINC.fsh
LOINC,8342-8,Lean body weight Immersion,Lean body weight estimated by Immersion method,active,2026-09-15,Athena OMOP snapshot;tx.fhir.org,Athena LOINC snapshot 2026-01-21;tx LOINC 2.82,local-snapshot;txfhir,,input/fsh/examples/BodyMetricsExamples.fsh;input/fsh/profiles/BodyMetricsProfiles.fsh
LOINC,8462-4,Diastolic blood pressure,Diastolic blood pressure,active,2026-09-15,Athena OMOP snapshot;tx.fhir.org,Athena LOINC snapshot 2026-01-21;tx LOINC 2.82,local-snapshot;txfhir,,input/fsh/examples/ExtensionAndSubstanceExamples.fsh;input/fsh/examples/RoundTripValidationExamples.fsh;input/fsh/examples/VitalSignsExamples.fsh;input/fsh/profiles/VitalSignsProfiles.fsh;input/fsh/terminology/ConceptMapVendorToLOINC.fsh
LOINC,8478-0,Mean blood pressure,Mean blood pressure,active,2026-09-15,Athena OMOP snapshot;tx.fhir.org,Athena LOINC snapshot 2026-01-21;tx LOINC 2.82,local-snapshot;txfhir,,input/fsh/profiles/AdvancedVitalSignsProfiles.fsh
LOINC,8480-6,Systolic blood pressure,Systolic blood pressure,active,2026-09-15,Athena OMOP snapshot;tx.fhir.org,Athena LOINC snapshot 2026-01-21;tx LOINC 2.82,local-snapshot;txfhir,,input/fsh/examples/RoundTripValidationExamples.fsh;input/fsh/examples/VitalSignsExamples.fsh;input/fsh/profiles/VitalSignsProfiles.fsh;input/fsh/terminology/ConceptMapVendorToLOINC.fsh
LOINC,85353-1,"Vital signs, weight, height, head circumference, oxygen saturation and BMI panel","Vital signs, weight, height, head circumference, oxygen saturation and BMI panel",active,2026-09-15,Athena OMOP snapshot;tx.fhir.org,Athena LOINC snapshot 2026-01-21;tx LOINC 2.82,local-snapshot;txfhir,,input/fsh/examples/VitalSignsExamples.fsh;input/fsh/profiles/VitalSignsProfiles.fsh;input/fsh/terminology/ValueSetLOINCObservations.fsh
LOINC,85354-9,Blood pressure panel with all children optional,Blood pressure panel with all children optional,active,2026-09-15,Athena OMOP snapshot;tx.fhir.org,Athena LOINC snapshot 2026-01-21;tx LOINC 2.82,local-snapshot;txfhir,,input/fsh/examples/RoundTripValidationExamples.fsh;input/fsh/examples/VitalSignsExamples.fsh;input/fsh/profiles/VitalSignsProfiles.fsh
LOINC,8625-6,P-R Interval,P-R Interval,active,2026-09-15,Athena OMOP snapshot;tx.fhir.org,Athena LOINC snapshot 2026-01-21;tx LOINC 2.82,local-snapshot;txfhir,,input/fsh/profiles/ECGProfiles.fsh;input/fsh/terminology/ValueSetLOINCObservations.fsh
LOINC,8633-0,QRS duration in EKG,QRS duration,display-mismatch,2026-09-15,Athena OMOP snapshot;tx.fhir.org,Athena LOINC snapshot 2026-01-21;tx LOINC 2.82,local-snapshot;txfhir,tx display check: 'QRS duration in EKG' — Wrong Display Name 'QRS duration in EKG' for http://loinc.org#8633-0. Valid display is one,input/fsh/terminology/ValueSetLOINCObservations.fsh
LOINC,8634-8,Q-T interval,Q-T interval,active,2026-09-15,Athena OMOP snapshot;tx.fhir.org,Athena LOINC snapshot 2026-01-21;tx LOINC 2.82,local-snapshot;txfhir,,input/fsh/examples/ECGExamples.fsh;input/fsh/examples/ExtensionAndSubstanceExamples.fsh;input/fsh/profiles/ECGProfiles.fsh;input/fsh/terminology/ValueSetLOINCObservations.fsh
LOINC,8636-3,Q-T interval corrected,Q-T interval corrected,active,2026-09-15,Athena OMOP snapshot;tx.fhir.org,Athena LOINC snapshot 2026-01-21;tx LOINC 2.82,local-snapshot;txfhir,,input/fsh/examples/ECGExamples.fsh;input/fsh/examples/ExtensionAndSubstanceExamples.fsh;input/fsh/profiles/ECGProfiles.fsh;input/fsh/terminology/ValueSetLOINCObservations.fsh
LOINC,8637-1,R-R interval by EKG,R-R interval by EKG,active,2026-09-15,Athena OMOP snapshot;tx.fhir.org,Athena LOINC snapshot 2026-01-21;tx LOINC 2.82,local-snapshot;txfhir,,input/fsh/examples/ECGExamples.fsh;input/fsh/examples/ExtensionAndSubstanceExamples.fsh;input/fsh/profiles/ECGProfiles.fsh;input/fsh/terminology/ConceptMapVendorToLOINC.fsh;input/fsh/terminology/ValueSetLOINCObservations.fsh
LOINC,8664-5,Cigarettes smoked total (pack per year) - Reported,Cigarettes smoked total (pack per year) - Reported,active,2026-09-15,Athena OMOP snapshot;tx.fhir.org,Athena LOINC snapshot 2026-01-21;tx LOINC 2.82,local-snapshot;txfhir,,input/fsh/examples/SubstanceUseExamples.fsh;input/fsh/profiles/SubstanceUseProfile.fsh
LOINC,8665-2,Last menstrual period start date,Last menstrual period start date,active,2026-09-15,Athena OMOP snapshot;tx.fhir.org,Athena LOINC snapshot 2026-01-21;tx LOINC 2.82,local-snapshot;txfhir,,input/fsh/valuesets/ReproductiveValueSets.fsh
LOINC,8716-3,Vital signs | Vital signs note,Vital signs,active,2026-09-15,Athena OMOP snapshot;tx.fhir.org,Athena LOINC snapshot 2026-01-21;tx LOINC 2.82,local-snapshot;txfhir,,input/fsh/examples/VitalSignsExamples.fsh;input/fsh/profiles/IPSLifestyleMedicineComposition.fsh
LOINC,88029-4,Tobacco use duration,Tobacco use duration,active,2026-09-15,Athena OMOP snapshot;tx.fhir.org,Athena LOINC snapshot 2026-01-21;tx LOINC 2.82,local-snapshot;txfhir,,input/fsh/profiles/SubstanceUseProfile.fsh
LOINC,8867-4,Heart rate | Heart rate [LOINC],Heart rate,display-mismatch,2026-09-15,Athena OMOP snapshot;tx.fhir.org,Athena LOINC snapshot 2026-01-21;tx LOINC 2.82,local-snapshot;txfhir,tx display check: 'Heart rate [LOINC]' — Wrong Display Name 'Heart rate [LOINC]' for http://loinc.org#8867-4. Valid display is one ,input/fsh/ValueSetHeartRateVariability.fsh;input/fsh/examples/ExtensionAndSubstanceExamples.fsh;input/fsh/examples/RoundTripValidationExamples.fsh;input/fsh/examples/VitalSignsExamples.fsh;input/fsh/profiles/BulkExportGroup.fsh;input/fsh/profiles/SportSpecificProfiles.fsh;input/fsh/profiles/VitalSignsProfiles.fsh;input/fsh/terminology/ConceptMapHRVToOMOP.fsh;input/fsh/terminology/ConceptMapVendorToLOINC.fsh;input/fsh/terminology/ValueSetLOINCObservations.fsh
LOINC,8873-2,Heart rate 24 hour maximum,Heart rate 24 hour maximum,active,2026-09-15,Athena OMOP snapshot;tx.fhir.org,Athena LOINC snapshot 2026-01-21;tx LOINC 2.82,local-snapshot;txfhir,,input/fsh/terminology/ConceptMapVendorToLOINC.fsh;input/fsh/terminology/ValueSetLOINCObservations.fsh
LOINC,8883-1,Heart rate 24 hour minimum,Heart rate 24 hour minimum,active,2026-09-15,Athena OMOP snapshot;tx.fhir.org,Athena LOINC snapshot 2026-01-21;tx LOINC 2.82,local-snapshot;txfhir,,input/fsh/terminology/ConceptMapVendorToLOINC.fsh;input/fsh/terminology/ValueSetLOINCObservations.fsh
LOINC,8889-8,Heart rate by Pulse oximetry,Heart rate by Pulse oximetry,active,2026-09-15,Athena OMOP snapshot;tx.fhir.org,Athena LOINC snapshot 2026-01-21;tx LOINC 2.82,local-snapshot;txfhir,,input/fsh/terminology/ValueSetLOINCObservations.fsh
LOINC,8990-4,Fluid intake 24 hour,Fluid intake 24 hour,active,2026-09-15,Athena OMOP snapshot;tx.fhir.org,Athena LOINC snapshot 2026-01-21;tx LOINC 2.82,local-snapshot;txfhir,,input/fsh/terminology/ConceptMapNutritionToLOINC.fsh;input/fsh/terminology/ConceptMapVendorToLOINC.fsh;input/fsh/terminology/ValueSetLOINCObservations.fsh
LOINC,9052-2,Caloric intake total | Calorie intake total,Calorie intake total,display-mismatch,2026-09-15,Athena OMOP snapshot;tx.fhir.org,Athena LOINC snapshot 2026-01-21;tx LOINC 2.82,local-snapshot;txfhir,tx display check: 'Caloric intake total' — Wrong Display Name 'Caloric intake total' for http://loinc.org#9052-2. Valid display is on,input/fsh/examples/NutritionExamples.fsh;input/fsh/terminology/ConceptMapNutritionToLOINC.fsh;input/fsh/terminology/ConceptMapVendorToLOINC.fsh;input/fsh/terminology/ValueSetLOINCObservations.fsh
LOINC,90568-7,Polysomnography panel,Polysomnography panel,active,2026-09-15,Athena OMOP snapshot;tx.fhir.org,Athena LOINC snapshot 2026-01-21;tx LOINC 2.82,local-snapshot;txfhir,,input/fsh/terminology/ConceptMapSleepToLOINC.fsh;input/fsh/terminology/ValueSetLOINCObservations.fsh
LOINC,9059-7,Carbohydrate intake Estimated,Carbohydrate intake Estimated,active,2026-09-15,Athena OMOP snapshot;tx.fhir.org,Athena LOINC snapshot 2026-01-21;tx LOINC 2.82,local-snapshot;txfhir,,input/fsh/terminology/ConceptMapVendorToLOINC.fsh;input/fsh/terminology/ValueSetLOINCObservations.fsh
LOINC,9065-4,Carbohydrate intake 24 hour,Carbohydrate intake 24 hour,active,2026-09-15,Athena OMOP snapshot;tx.fhir.org,Athena LOINC snapshot 2026-01-21;tx LOINC 2.82,local-snapshot;txfhir,,input/fsh/terminology/ConceptMapNutritionToLOINC.fsh;input/fsh/terminology/ValueSetLOINCObservations.fsh
LOINC,9072-0,Fat intake 24 hour,Fat intake 24 hour,active,2026-09-15,Athena OMOP snapshot;tx.fhir.org,Athena LOINC snapshot 2026-01-21;tx LOINC 2.82,local-snapshot;txfhir,,input/fsh/terminology/ConceptMapNutritionToLOINC.fsh;input/fsh/terminology/ValueSetLOINCObservations.fsh
LOINC,9085-2,Protein intake 24 hour,Protein intake 24 hour,active,2026-09-15,Athena OMOP snapshot;tx.fhir.org,Athena LOINC snapshot 2026-01-21;tx LOINC 2.82,local-snapshot;txfhir,,input/fsh/terminology/ConceptMapNutritionToLOINC.fsh;input/fsh/terminology/ConceptMapVendorToLOINC.fsh;input/fsh/terminology/ValueSetLOINCObservations.fsh
LOINC,91642-9,Medical Outcomes Study Social Support Survey panel | Medical Outcomes Study Social Support Survey panel [MOS Social Support Survey],Medical Outcomes Study Social Support Survey panel [MOS Social Support Survey],display-mismatch,2026-09-15,Athena OMOP snapshot;tx.fhir.org,Athena LOINC snapshot 2026-01-21;tx LOINC 2.82,local-snapshot;txfhir,tx display check: 'Medical Outcomes Study Social Support Survey panel' — Wrong Display Name 'Medical Outcomes Study Social Support Survey panel' for http://loinc.o,input/fsh/examples/SocialInteractionExamples.fsh;input/fsh/profiles/SocialSupportAssessmentProfile.fsh;input/fsh/terminology/ConceptMapSocialToLOINC.fsh;input/fsh/terminology/ValueSetLOINCObservations.fsh
LOINC,91645-2,Affectionate support [MOS Social Support Survey],Affectionate support [MOS Social Support Survey],active,2026-09-15,Athena OMOP snapshot;tx.fhir.org,Athena LOINC snapshot 2026-01-21;tx LOINC 2.82,local-snapshot;txfhir,,input/fsh/terminology/ConceptMapSocialToLOINC.fsh;input/fsh/terminology/ValueSetLOINCObservations.fsh
LOINC,91663-5,Social support index [MOS Social Support Survey],Social support index [MOS Social Support Survey],active,2026-09-15,Athena OMOP snapshot;tx.fhir.org,Athena LOINC snapshot 2026-01-21;tx LOINC 2.82,local-snapshot;txfhir,,input/fsh/terminology/ConceptMapSocialToLOINC.fsh;input/fsh/terminology/ValueSetLOINCObservations.fsh
LOINC,91986-0,Integrative medicine Consult note,Integrative medicine Consult note,active,2026-09-15,Athena OMOP snapshot;tx.fhir.org,Athena LOINC snapshot 2026-01-21;tx LOINC 2.82,local-snapshot;txfhir,,input/fsh/profiles/IPSLifestyleMedicineComposition.fsh
LOINC,92656-8,Number of menstrual periods per year,Number of menstrual periods per year,active,2026-09-16,Athena OMOP snapshot;tx.fhir.org,Athena LOINC snapshot 2026-01-21;tx LOINC 2.82,local-snapshot;txfhir,,input/fsh/profiles/observations/social-history/ReproductiveObservation.fsh
LOINC,9279-1,Respiratory rate,Respiratory rate,active,2026-09-15,Athena OMOP snapshot;tx.fhir.org,Athena LOINC snapshot 2026-01-21;tx LOINC 2.82,local-snapshot;txfhir,,input/fsh/examples/RoundTripValidationExamples.fsh;input/fsh/examples/SleepExamples.fsh;input/fsh/examples/VitalSignsExamples.fsh;input/fsh/profiles/SleepProfile.fsh;input/fsh/profiles/VitalSignsProfiles.fsh;input/fsh/terminology/ConceptMapVendorToLOINC.fsh;input/fsh/terminology/ValueSetLOINCObservations.fsh
LOINC,93829-0,REM sleep duration,REM sleep duration,active,2026-09-15,Athena OMOP snapshot;tx.fhir.org,Athena LOINC snapshot 2026-01-21;tx LOINC 2.82,local-snapshot;txfhir,,input/fsh/examples/RoundTripValidationExamples.fsh;input/fsh/examples/SleepExamples.fsh;input/fsh/profiles/SleepProfile.fsh;input/fsh/terminology/ConceptMapSleepToOMOP.fsh
LOINC,93830-8,Light sleep duration,Light sleep duration,active,2026-09-15,Athena OMOP snapshot;tx.fhir.org,Athena LOINC snapshot 2026-01-21;tx LOINC 2.82,local-snapshot;txfhir,,input/fsh/examples/RoundTripValidationExamples.fsh;input/fsh/examples/SleepExamples.fsh;input/fsh/profiles/SleepProfile.fsh;input/fsh/terminology/ConceptMapSleepToLOINC.fsh;input/fsh/terminology/ConceptMapSleepToOMOP.fsh;input/fsh/terminology/ValueSetLOINCObservations.fsh
LOINC,93831-6,Deep sleep duration,Deep sleep duration,active,2026-09-15,Athena OMOP snapshot;tx.fhir.org,Athena LOINC snapshot 2026-01-21;tx LOINC 2.82,local-snapshot;txfhir,,input/fsh/examples/RoundTripValidationExamples.fsh;input/fsh/examples/SleepExamples.fsh;input/fsh/profiles/SleepProfile.fsh;input/fsh/terminology/ConceptMapSleepToLOINC.fsh;input/fsh/terminology/ConceptMapSleepToOMOP.fsh;input/fsh/terminology/ValueSetLOINCObservations.fsh
LOINC,93832-4,Sleep duration,Sleep duration,active,2026-09-15,Athena OMOP snapshot;tx.fhir.org,Athena LOINC snapshot 2026-01-21;tx LOINC 2.82,local-snapshot;txfhir,,input/fsh/examples/RoundTripValidationExamples.fsh;input/fsh/examples/SleepExamples.fsh;input/fsh/profiles/BulkExportGroup.fsh;input/fsh/profiles/IPSLifestyleMedicineComposition.fsh;input/fsh/profiles/SleepProfile.fsh;input/fsh/terminology/ConceptMapSleepToOMOP.fsh;input/fsh/terminology/ValueSetLOINCObservations.fsh
LOINC,95607-8,Sleep quality - 1-5 numeric rating [Score] 24 hour,Sleep quality - 1-5 numeric rating [Score] 24 hour,active,2026-09-15,Athena OMOP snapshot;tx.fhir.org,Athena LOINC snapshot 2026-01-21;tx LOINC 2.82,local-snapshot;txfhir,,input/fsh/terminology/ConceptMapSleepToOMOP.fsh
LOINC,97505-2,Glucose standard deviation Calculated,Glucose standard deviation Calculated,active,2026-09-15,Athena OMOP snapshot;tx.fhir.org,Athena LOINC snapshot 2026-01-21;tx LOINC 2.82,local-snapshot;txfhir,,input/fsh/profiles/CGMProfile.fsh
LOINC,97506-0,Glucose management indicator,Glucose management indicator,active,2026-09-15,Athena OMOP snapshot;tx.fhir.org,Athena LOINC snapshot 2026-01-21;tx LOINC 2.82,local-snapshot;txfhir,,input/fsh/examples/CGMAndMetabolicExamples.fsh;input/fsh/profiles/CGMProfile.fsh;input/fsh/terminology/ConceptMapCGMToOMOP.fsh
LOINC,97507-8,Average glucose [Mass/volume] in Interstitial fluid during Reporting Period,Average glucose [Mass/volume] in Interstitial fluid during Reporting Period,active,2026-09-15,Athena OMOP snapshot;tx.fhir.org,Athena LOINC snapshot 2026-01-21;tx LOINC 2.82,local-snapshot;txfhir,,input/fsh/examples/CGMAndMetabolicExamples.fsh;input/fsh/profiles/CGMProfile.fsh;input/fsh/terminology/ConceptMapCGMToOMOP.fsh
LOINC,97510-2,Glucose measurements in range out of Total glucose measurements during reporting period,Glucose measurements in range out of Total glucose measurements during reporting period,active,2026-09-15,Athena OMOP snapshot;tx.fhir.org,Athena LOINC snapshot 2026-01-21;tx LOINC 2.82,local-snapshot;txfhir,,input/fsh/examples/CGMAndMetabolicExamples.fsh;input/fsh/profiles/CGMProfile.fsh
LOINC,LA11834-1,Walking,Walking,active,2026-09-15,Athena OMOP snapshot;tx.fhir.org,Athena LOINC snapshot 2026-01-21;tx LOINC 2.82,local-snapshot;txfhir,,input/fsh/examples/PhysicalActivityExamples.fsh
LOINC,LA14435-4,Daily,Daily,active,2026-09-15,Athena OMOP snapshot;tx.fhir.org,Athena LOINC snapshot 2026-01-21;tx LOINC 2.82,local-snapshot;txfhir,,input/fsh/examples/SubstanceUseExamples.fsh;input/fsh/valuesets/SubstanceUseValueSets.fsh
LOINC,LA17981-4,Financial,Financial,active,2026-09-15,Athena OMOP snapshot;tx.fhir.org,Athena LOINC snapshot 2026-01-21;tx LOINC 2.82,local-snapshot;txfhir,,input/fsh/examples/StressExamples.fsh
LOINC,LA18926-8,Monthly or less,Monthly or less,active,2026-09-15,Athena OMOP snapshot;tx.fhir.org,Athena LOINC snapshot 2026-01-21;tx LOINC 2.82,local-snapshot;txfhir,,input/fsh/valuesets/SubstanceUseValueSets.fsh
LOINC,LA18927-6,2-4 times a month,2-4 times a month,active,2026-09-15,Athena OMOP snapshot;tx.fhir.org,Athena LOINC snapshot 2026-01-21;tx LOINC 2.82,local-snapshot;txfhir,,input/fsh/valuesets/SubstanceUseValueSets.fsh
LOINC,LA18928-4,2-3 times a week,2-3 times a week,active,2026-09-15,Athena OMOP snapshot;tx.fhir.org,Athena LOINC snapshot 2026-01-21;tx LOINC 2.82,local-snapshot;txfhir,,input/fsh/examples/SubstanceUseExamples.fsh;input/fsh/valuesets/SubstanceUseValueSets.fsh
LOINC,LA18929-2,4 or more times a week,4 or more times a week,active,2026-09-15,Athena OMOP snapshot;tx.fhir.org,Athena LOINC snapshot 2026-01-21;tx LOINC 2.82,local-snapshot;txfhir,,input/fsh/valuesets/SubstanceUseValueSets.fsh
LOINC,LA30381-0,Significant other,Significant other,active,2026-09-15,Athena OMOP snapshot;tx.fhir.org,Athena LOINC snapshot 2026-01-21;tx LOINC 2.82,local-snapshot;txfhir,,input/fsh/terminology/ConceptMapSocialToLOINC.fsh
LOINC,LA6270-8,Never,Never,active,2026-09-15,Athena OMOP snapshot;tx.fhir.org,Athena LOINC snapshot 2026-01-21;tx LOINC 2.82,local-snapshot;txfhir,,input/fsh/examples/SubstanceUseExamples.fsh;input/fsh/valuesets/SubstanceUseValueSets.fsh
LOINC,LA6656-8,Friend,Friend,active,2026-09-15,Athena OMOP snapshot;tx.fhir.org,Athena LOINC snapshot 2026-01-21;tx LOINC 2.82,local-snapshot;txfhir,,input/fsh/terminology/ConceptMapSocialToLOINC.fsh
LOINC,LA9277-0,Family member,Family member,active,2026-09-15,Athena OMOP snapshot;tx.fhir.org,Athena LOINC snapshot 2026-01-21;tx LOINC 2.82,local-snapshot;txfhir,,input/fsh/terminology/ConceptMapSocialToLOINC.fsh
LOINC,LP207604-2,Vitamin D intake,Vitamin D intake,active,2026-09-15,Athena OMOP snapshot;tx.fhir.org,Athena LOINC snapshot 2026-01-21;tx LOINC 2.82,local-snapshot;txfhir,Athena: not a standard concept,input/fsh/examples/NutritionExamples.fsh
LOINC,LP422589-4,Sleep score,Sleep score,active,2026-09-15,Athena OMOP snapshot;tx.fhir.org,Athena LOINC snapshot 2026-01-21;tx LOINC 2.82,local-snapshot;txfhir,Athena: not a standard concept,input/fsh/examples/SleepExamples.fsh
LOINC,LP431369-0,Coefficient of variation,Coefficient of variation,active,2026-09-15,Athena OMOP snapshot;tx.fhir.org,Athena LOINC snapshot 2026-01-21;tx LOINC 2.82,local-snapshot;txfhir,Athena: not a standard concept,input/fsh/examples/CGMAndMetabolicExamples.fsh
LOINC,LP73201-3,Protein intake,Protein intake,active,2026-09-15,Athena OMOP snapshot;tx.fhir.org,Athena LOINC snapshot 2026-01-21;tx LOINC 2.82,local-snapshot;txfhir,Athena: not a standard concept,input/fsh/examples/NutritionExamples.fsh
SNOMED,102894008,Feeling calm,Feeling calm,active,2026-09-15,Vocab2 OMOP snapshot;tx.fhir.org,Vocab2 SNOMED 2025-02-01 SNOMED CT International Edition;tx SNOMED http://snomed.info/sct/900000000000207008/version/20250201,local-snapshot;txfhir,,input/fsh/examples/MindfulnessCompleteExamples.fsh;input/fsh/examples/MindfulnessExamples.fsh;input/fsh/valuesets/MoodValueSet.fsh
SNOMED,103696004,Patient referral to specialist,Patient referral to specialist,active,2026-09-15,Vocab2 OMOP snapshot;tx.fhir.org,Vocab2 SNOMED 2025-02-01 SNOMED CT International Edition;tx SNOMED http://snomed.info/sct/900000000000207008/version/20250201,local-snapshot;txfhir,,input/fsh/terminology/ValueSetCDSSInterventionRecommendations.fsh
SNOMED,103699006,Referral to dietitian,Referral to dietitian,active,2026-09-15,Vocab2 OMOP snapshot;tx.fhir.org,Vocab2 SNOMED 2025-02-01 SNOMED CT International Edition;tx SNOMED http://snomed.info/sct/900000000000207008/version/20250201,local-snapshot;txfhir,,input/fsh/terminology/ValueSetCDSSInterventionRecommendations.fsh
SNOMED,105529008,Lives alone,Lives alone,active,2026-09-15,Vocab2 OMOP snapshot;tx.fhir.org,Vocab2 SNOMED 2025-02-01 SNOMED CT International Edition;tx SNOMED http://snomed.info/sct/900000000000207008/version/20250201,local-snapshot;txfhir,,input/fsh/examples/SocialInteractionExamples.fsh;input/fsh/profiles/FamilyStructureProfile.fsh
SNOMED,105542008,Non-drinker of alcohol (finding),Non - drinker,display-mismatch,2026-09-15,Vocab2 OMOP snapshot;tx.fhir.org,Vocab2 SNOMED 2025-02-01 SNOMED CT International Edition;tx SNOMED http://snomed.info/sct/900000000000207008/version/20250201,local-snapshot;txfhir,tx display check: 'Non-drinker of alcohol (finding)' — Wrong Display Name 'Non-drinker of alcohol (finding)' for http://snomed.info/sct#105542008,input/fsh/examples/SubstanceUseExamples.fsh;input/fsh/valuesets/SubstanceUseValueSets.fsh
SNOMED,106131003,Mood finding,Mood finding,active,2026-09-15,Vocab2 OMOP snapshot;tx.fhir.org,Vocab2 SNOMED 2025-02-01 SNOMED CT International Edition;tx SNOMED http://snomed.info/sct/900000000000207008/version/20250201,local-snapshot;txfhir,,input/fsh/examples/MindfulnessCompleteExamples.fsh;input/fsh/examples/MindfulnessExamples.fsh;input/fsh/profiles/observations/activity/MindfulnessProfiles.fsh;input/fsh/terminology/MindfulnessTerminology.fsh
SNOMED,108252007,Laboratory procedure,Laboratory procedure,active,2026-09-15,Vocab2 OMOP snapshot;tx.fhir.org,Vocab2 SNOMED 2025-02-01 SNOMED CT International Edition;tx SNOMED http://snomed.info/sct/900000000000207008/version/20250201,local-snapshot;txfhir,,input/fsh/examples/AgentExamples.fsh;input/fsh/terminology/ValueSetCDSSInterventionRecommendations.fsh
SNOMED,1172583004,Promotion of sleep hygiene,Promotion of sleep hygiene,active,2026-09-15,Vocab2 OMOP snapshot;tx.fhir.org,Vocab2 SNOMED 2025-02-01 SNOMED CT International Edition;tx SNOMED http://snomed.info/sct/900000000000207008/version/20250201,local-snapshot;txfhir,,input/fsh/terminology/ValueSetCDSSInterventionRecommendations.fsh
SNOMED,117590005,Ear structure,Ear structure,active,2026-09-15,Vocab2 OMOP snapshot;tx.fhir.org,Vocab2 SNOMED 2025-02-01 SNOMED CT International Edition;tx SNOMED http://snomed.info/sct/900000000000207008/version/20250201,local-snapshot;txfhir,,input/fsh/profiles/VitalSignsProfiles.fsh
SNOMED,118185001,Finding related to pregnancy (finding),Finding related to pregnancy,active,2026-09-15,Vocab2 OMOP snapshot;tx.fhir.org,Vocab2 SNOMED 2025-02-01 SNOMED CT International Edition;tx SNOMED http://snomed.info/sct/900000000000207008/version/20250201,local-snapshot;txfhir,,input/fsh/valuesets/ReproductiveValueSets.fsh
SNOMED,125681006,Single person,Single person,active,2026-09-15,Vocab2 OMOP snapshot;tx.fhir.org,Vocab2 SNOMED 2025-02-01 SNOMED CT International Edition;tx SNOMED http://snomed.info/sct/900000000000207008/version/20250201,local-snapshot;txfhir,,input/fsh/profiles/FamilyStructureProfile.fsh
SNOMED,12738006,Brain,Brain structure,active,2026-09-15,Vocab2 OMOP snapshot;tx.fhir.org,Vocab2 SNOMED 2025-02-01 SNOMED CT International Edition;tx SNOMED http://snomed.info/sct/900000000000207008/version/20250201,local-snapshot;txfhir,,input/fsh/valuesets/SymptomValueSets.fsh
SNOMED,129006008,Walking | Walking (observable entity),Walking,active,2026-09-15,Vocab2 OMOP snapshot;tx.fhir.org,Vocab2 SNOMED 2025-02-01 SNOMED CT International Edition;tx SNOMED http://snomed.info/sct/900000000000207008/version/20250201,local-snapshot;txfhir,,input/fsh/examples/PhysicalActivityExamples.fsh;input/fsh/examples/RoundTripValidationExamples.fsh;input/fsh/terminology/ConceptMapPhysicalActivityToSNOMED.fsh;input/fsh/valuesets/ActivityTypeVS.fsh;input/fsh/valuesets/GPSCompatibleSNOMEDVS.fsh
SNOMED,13184001,Separated,Separated,active,2026-09-15,Vocab2 OMOP snapshot;tx.fhir.org,Vocab2 SNOMED 2025-02-01 SNOMED CT International Edition;tx SNOMED http://snomed.info/sct/900000000000207008/version/20250201,local-snapshot;txfhir,,input/fsh/profiles/FamilyStructureProfile.fsh
SNOMED,13288007,Monitor,Monitor,active,2026-09-15,Vocab2 OMOP snapshot;tx.fhir.org,Vocab2 SNOMED 2025-02-01 SNOMED CT International Edition;tx SNOMED http://snomed.info/sct/900000000000207008/version/20250201,local-snapshot;txfhir,,input/fsh/extensions/BodyMetricsExtensions.fsh
SNOMED,134410009,Maintenance stage,Maintenance stage,active,2026-09-15,Vocab2 OMOP snapshot;tx.fhir.org,Vocab2 SNOMED 2025-02-01 SNOMED CT International Edition;tx SNOMED http://snomed.info/sct/900000000000207008/version/20250201,local-snapshot;txfhir,,input/fsh/extensions/SubstanceUseExtensions.fsh
SNOMED,134411008,Action stage,Action stage,active,2026-09-15,Vocab2 OMOP snapshot;tx.fhir.org,Vocab2 SNOMED 2025-02-01 SNOMED CT International Edition;tx SNOMED http://snomed.info/sct/900000000000207008/version/20250201,local-snapshot;txfhir,,input/fsh/extensions/SubstanceUseExtensions.fsh
SNOMED,134412001,Preparation stage,Preparation stage,active,2026-09-15,Vocab2 OMOP snapshot;tx.fhir.org,Vocab2 SNOMED 2025-02-01 SNOMED CT International Edition;tx SNOMED http://snomed.info/sct/900000000000207008/version/20250201,local-snapshot;txfhir,,input/fsh/extensions/SubstanceUseExtensions.fsh
SNOMED,134413006,Contemplation stage,Contemplation stage,active,2026-09-15,Vocab2 OMOP snapshot;tx.fhir.org,Vocab2 SNOMED 2025-02-01 SNOMED CT International Edition;tx SNOMED http://snomed.info/sct/900000000000207008/version/20250201,local-snapshot;txfhir,,input/fsh/examples/SubstanceUseExamples.fsh;input/fsh/extensions/SubstanceUseExtensions.fsh
SNOMED,134414000,Precontemplation stage,Precontemplation stage,active,2026-09-15,Vocab2 OMOP snapshot;tx.fhir.org,Vocab2 SNOMED 2025-02-01 SNOMED CT International Edition;tx SNOMED http://snomed.info/sct/900000000000207008/version/20250201,local-snapshot;txfhir,,input/fsh/examples/SubstanceUseExamples.fsh;input/fsh/extensions/SubstanceUseExtensions.fsh
SNOMED,14468000,Sports activity (regime/therapy),Sports activity,display-mismatch,2026-09-15,Vocab2 OMOP snapshot;tx.fhir.org,Vocab2 SNOMED 2025-02-01 SNOMED CT International Edition;tx SNOMED http://snomed.info/sct/900000000000207008/version/20250201,local-snapshot;txfhir,tx display check: 'Sports activity (regime/therapy)' — Wrong Display Name 'Sports activity (regime/therapy)' for http://snomed.info/sct#14468000.,input/fsh/terminology/ConceptMapPhysicalActivityToSNOMED.fsh
SNOMED,160700001,Homeless single person,Homeless single person,active,2026-09-15,Vocab2 OMOP snapshot;tx.fhir.org,Vocab2 SNOMED 2025-02-01 SNOMED CT International Edition;tx SNOMED http://snomed.info/sct/900000000000207008/version/20250201,local-snapshot;txfhir,,input/fsh/profiles/FamilyStructureProfile.fsh
SNOMED,160734000,Lives in nursing home,Lives in nursing home,active,2026-09-15,Vocab2 OMOP snapshot;tx.fhir.org,Vocab2 SNOMED 2025-02-01 SNOMED CT International Edition;tx SNOMED http://snomed.info/sct/900000000000207008/version/20250201,local-snapshot;txfhir,,input/fsh/profiles/FamilyStructureProfile.fsh
SNOMED,162465004,Symptom severity,Symptom severity,active,2026-09-15,Vocab2 OMOP snapshot;tx.fhir.org,Vocab2 SNOMED 2025-02-01 SNOMED CT International Edition;tx SNOMED http://snomed.info/sct/900000000000207008/version/20250201,local-snapshot;txfhir,,input/fsh/examples/SymptomExamples.fsh
SNOMED,17621005,Normal (qualifier value),Normal,active,2026-09-15,Vocab2 OMOP snapshot;tx.fhir.org,Vocab2 SNOMED 2025-02-01 SNOMED CT International Edition;tx SNOMED http://snomed.info/sct/900000000000207008/version/20250201,local-snapshot;txfhir,,input/fsh/terminology/SharedQualifierValueSets.fsh
SNOMED,183519002,Referral to cardiology service,Referral to cardiology service,active,2026-09-15,Vocab2 OMOP snapshot;tx.fhir.org,Vocab2 SNOMED 2025-02-01 SNOMED CT International Edition;tx SNOMED http://snomed.info/sct/900000000000207008/version/20250201,local-snapshot;txfhir,,input/fsh/terminology/ValueSetCDSSInterventionRecommendations.fsh
SNOMED,183583007,Refer to mental health worker,Refer to mental health worker,active,2026-09-15,Vocab2 OMOP snapshot;tx.fhir.org,Vocab2 SNOMED 2025-02-01 SNOMED CT International Edition;tx SNOMED http://snomed.info/sct/900000000000207008/version/20250201,local-snapshot;txfhir,,input/fsh/terminology/ValueSetCDSSInterventionRecommendations.fsh
SNOMED,20295000,Divorced,Divorced,active,2026-09-15,Vocab2 OMOP snapshot;tx.fhir.org,Vocab2 SNOMED 2025-02-01 SNOMED CT International Edition;tx SNOMED http://snomed.info/sct/900000000000207008/version/20250201,local-snapshot;txfhir,,input/fsh/profiles/FamilyStructureProfile.fsh
SNOMED,20461001,Swimming (qualifier value),Swimming,active,2026-09-15,Vocab2 OMOP snapshot;tx.fhir.org,Vocab2 SNOMED 2025-02-01 SNOMED CT International Edition;tx SNOMED http://snomed.info/sct/900000000000207008/version/20250201,local-snapshot;txfhir,,input/fsh/profiles/SportSpecificProfiles.fsh
SNOMED,20572008,Good (qualifier value),Good,active,2026-09-15,Vocab2 OMOP snapshot;tx.fhir.org,Vocab2 SNOMED 2025-02-01 SNOMED CT International Edition;tx SNOMED http://snomed.info/sct/900000000000207008/version/20250201,local-snapshot;txfhir,,input/fsh/extensions/SleepQuality.fsh;input/fsh/terminology/SharedQualifierValueSets.fsh
SNOMED,219006,Current drinker of alcohol (finding),Current drinker,active,2026-09-15,Vocab2 OMOP snapshot;tx.fhir.org,Vocab2 SNOMED 2025-02-01 SNOMED CT International Edition;tx SNOMED http://snomed.info/sct/900000000000207008/version/20250201,local-snapshot;txfhir,,input/fsh/valuesets/SubstanceUseValueSets.fsh
SNOMED,224133007,Lives with family,Lives with family,active,2026-09-15,Vocab2 OMOP snapshot;tx.fhir.org,Vocab2 SNOMED 2025-02-01 SNOMED CT International Edition;tx SNOMED http://snomed.info/sct/900000000000207008/version/20250201,local-snapshot;txfhir,,input/fsh/profiles/FamilyStructureProfile.fsh
SNOMED,225758001,After food,After food,active,2026-09-15,Vocab2 OMOP snapshot;tx.fhir.org,Vocab2 SNOMED 2025-02-01 SNOMED CT International Edition;tx SNOMED http://snomed.info/sct/900000000000207008/version/20250201,local-snapshot;txfhir,,input/fsh/valuesets/MeasurementContextVS.fsh
SNOMED,226025006,Hard cider,Hard cider,active,2026-09-15,Vocab2 OMOP snapshot;tx.fhir.org,Vocab2 SNOMED 2025-02-01 SNOMED CT International Edition;tx SNOMED http://snomed.info/sct/900000000000207008/version/20250201,local-snapshot;txfhir,,input/fsh/valuesets/SubstanceUseValueSets.fsh
SNOMED,226060000,Stress management,Stress management,active,2026-09-15,Vocab2 OMOP snapshot;tx.fhir.org,Vocab2 SNOMED 2025-02-01 SNOMED CT International Edition;tx SNOMED http://snomed.info/sct/900000000000207008/version/20250201,local-snapshot;txfhir,,input/fsh/terminology/ValueSetCDSSInterventionRecommendations.fsh
SNOMED,228276006,Occasional drinker (finding),Occasional drinker,active,2026-09-15,Vocab2 OMOP snapshot;tx.fhir.org,Vocab2 SNOMED 2025-02-01 SNOMED CT International Edition;tx SNOMED http://snomed.info/sct/900000000000207008/version/20250201,local-snapshot;txfhir,,input/fsh/valuesets/SubstanceUseValueSets.fsh
SNOMED,228277002,Light drinker (finding),Light drinker,active,2026-09-15,Vocab2 OMOP snapshot;tx.fhir.org,Vocab2 SNOMED 2025-02-01 SNOMED CT International Edition;tx SNOMED http://snomed.info/sct/900000000000207008/version/20250201,local-snapshot;txfhir,,input/fsh/valuesets/SubstanceUseValueSets.fsh
SNOMED,228281002,Problem drinker (finding),Problem drinker,active,2026-09-15,Vocab2 OMOP snapshot;tx.fhir.org,Vocab2 SNOMED 2025-02-01 SNOMED CT International Edition;tx SNOMED http://snomed.info/sct/900000000000207008/version/20250201,local-snapshot;txfhir,,input/fsh/valuesets/SubstanceUseValueSets.fsh
SNOMED,228366006,Finding relating to drug misuse behavior (finding),Finding relating to drug misuse behavior,active,2026-09-15,Vocab2 OMOP snapshot;tx.fhir.org,Vocab2 SNOMED 2025-02-01 SNOMED CT International Edition;tx SNOMED http://snomed.info/sct/900000000000207008/version/20250201,local-snapshot;txfhir,,input/fsh/valuesets/SubstanceUseValueSets.fsh
SNOMED,228368007,Has never misused drugs,Has never misused drugs,active,2026-09-15,Vocab2 OMOP snapshot;tx.fhir.org,Vocab2 SNOMED 2025-02-01 SNOMED CT International Edition;tx SNOMED http://snomed.info/sct/900000000000207008/version/20250201,local-snapshot;txfhir,,input/fsh/valuesets/SubstanceUseValueSets.fsh
SNOMED,228982004,Fortified wine,Fortified wine,active,2026-09-15,Vocab2 OMOP snapshot;tx.fhir.org,Vocab2 SNOMED 2025-02-01 SNOMED CT International Edition;tx SNOMED http://snomed.info/sct/900000000000207008/version/20250201,local-snapshot;txfhir,,input/fsh/valuesets/SubstanceUseValueSets.fsh
SNOMED,229059009,Report,Report,active,2026-09-15,Vocab2 OMOP snapshot;tx.fhir.org,Vocab2 SNOMED 2025-02-01 SNOMED CT International Edition;tx SNOMED http://snomed.info/sct/900000000000207008/version/20250201,local-snapshot;txfhir,Vocab2: not a standard concept,input/fsh/examples/NutritionExamples.fsh
SNOMED,229065009,Exercise therapy | Exercise therapy (regime/therapy),Exercise therapy,active,2026-09-15,Vocab2 OMOP snapshot;tx.fhir.org,Vocab2 SNOMED 2025-02-01 SNOMED CT International Edition;tx SNOMED http://snomed.info/sct/900000000000207008/version/20250201,local-snapshot;txfhir,,input/fsh/terminology/ConceptMapPhysicalActivityToSNOMED.fsh;input/fsh/terminology/ValueSetCDSSInterventionRecommendations.fsh
SNOMED,229166008,Jogging training | Jogging training (regime/therapy),Jogging training,active,2026-09-15,Vocab2 OMOP snapshot;tx.fhir.org,Vocab2 SNOMED 2025-02-01 SNOMED CT International Edition;tx SNOMED http://snomed.info/sct/900000000000207008/version/20250201,local-snapshot;txfhir,,input/fsh/terminology/ConceptMapPhysicalActivityToSNOMED.fsh;input/fsh/valuesets/ActivityTypeVS.fsh
SNOMED,230060001,Light cigarette smoker (finding),Light cigarette smoker,active,2026-09-15,Vocab2 OMOP snapshot;tx.fhir.org,Vocab2 SNOMED 2025-02-01 SNOMED CT International Edition;tx SNOMED http://snomed.info/sct/900000000000207008/version/20250201,local-snapshot;txfhir,Vocab2: not a standard concept,input/fsh/valuesets/GPSCompatibleSNOMEDVS.fsh;input/fsh/valuesets/SubstanceUseValueSets.fsh
SNOMED,230063004,Heavy cigarette smoker (finding),Heavy cigarette smoker,active,2026-09-15,Vocab2 OMOP snapshot;tx.fhir.org,Vocab2 SNOMED 2025-02-01 SNOMED CT International Edition;tx SNOMED http://snomed.info/sct/900000000000207008/version/20250201,local-snapshot;txfhir,Vocab2: not a standard concept,input/fsh/valuesets/GPSCompatibleSNOMEDVS.fsh;input/fsh/valuesets/SubstanceUseValueSets.fsh
SNOMED,230993007,Worsening (qualifier value),Worsening,active,2026-09-15,Vocab2 OMOP snapshot;tx.fhir.org,Vocab2 SNOMED 2025-02-01 SNOMED CT International Edition;tx SNOMED http://snomed.info/sct/900000000000207008/version/20250201,local-snapshot;txfhir,,input/fsh/terminology/SharedQualifierValueSets.fsh;input/fsh/valuesets/SymptomValueSets.fsh
SNOMED,24484000,Severe (severity modifier),Severe,active,2026-09-15,Vocab2 OMOP snapshot;tx.fhir.org,Vocab2 SNOMED 2025-02-01 SNOMED CT International Edition;tx SNOMED http://snomed.info/sct/900000000000207008/version/20250201,local-snapshot;txfhir,,input/fsh/terminology/SharedQualifierValueSets.fsh
SNOMED,248218005,Awake,Awake,active,2026-09-15,Vocab2 OMOP snapshot;tx.fhir.org,Vocab2 SNOMED 2025-02-01 SNOMED CT International Edition;tx SNOMED http://snomed.info/sct/900000000000207008/version/20250201,local-snapshot;txfhir,,input/fsh/terminology/ConceptMapVendorSleepToSNOMED.fsh
SNOMED,248220008,Asleep,Asleep,active,2026-09-15,Vocab2 OMOP snapshot;tx.fhir.org,Vocab2 SNOMED 2025-02-01 SNOMED CT International Edition;tx SNOMED http://snomed.info/sct/900000000000207008/version/20250201,local-snapshot;txfhir,,input/fsh/terminology/ConceptMapVendorSleepToSNOMED.fsh
SNOMED,248957007,Menstruation,Menstruation,active,2026-09-15,Vocab2 OMOP snapshot;tx.fhir.org,Vocab2 SNOMED 2025-02-01 SNOMED CT International Edition;tx SNOMED http://snomed.info/sct/900000000000207008/version/20250201,local-snapshot;txfhir,,input/fsh/valuesets/ReproductiveValueSets.fsh
SNOMED,251898000,Maximum oxygen uptake,Maximum oxygen uptake,active,2026-09-15,Vocab2 OMOP snapshot;tx.fhir.org,Vocab2 SNOMED 2025-02-01 SNOMED CT International Edition;tx SNOMED http://snomed.info/sct/900000000000207008/version/20250201,local-snapshot;txfhir,,input/fsh/examples/FitnessActivityExamples.fsh;input/fsh/profiles/RecoveryVO2maxProfiles.fsh
SNOMED,2546009,Night time (qualifier value),Night time,active,2026-09-15,Vocab2 OMOP snapshot;tx.fhir.org,Vocab2 SNOMED 2025-02-01 SNOMED CT International Edition;tx SNOMED http://snomed.info/sct/900000000000207008/version/20250201,local-snapshot;txfhir,,input/fsh/valuesets/SymptomValueSets.fsh
SNOMED,255214003,After exercise | After exercise (qualifier value),After exercise,active,2026-09-15,Vocab2 OMOP snapshot;tx.fhir.org,Vocab2 SNOMED 2025-02-01 SNOMED CT International Edition;tx SNOMED http://snomed.info/sct/900000000000207008/version/20250201,local-snapshot;txfhir,,input/fsh/extensions/BodyMetricsExtensions.fsh;input/fsh/extensions/VitalSignsExtensions.fsh;input/fsh/valuesets/MeasurementContextVS.fsh;input/fsh/valuesets/SymptomValueSets.fsh
SNOMED,255314001,Progressive (qualifier value),Progressive,active,2026-09-15,Vocab2 OMOP snapshot;tx.fhir.org,Vocab2 SNOMED 2025-02-01 SNOMED CT International Edition;tx SNOMED http://snomed.info/sct/900000000000207008/version/20250201,local-snapshot;txfhir,,input/fsh/valuesets/SymptomValueSets.fsh
SNOMED,255351007,Poor (qualifier value),Poor - grade,display-mismatch,2026-09-15,Vocab2 OMOP snapshot;tx.fhir.org,Vocab2 SNOMED 2025-02-01 SNOMED CT International Edition;tx SNOMED http://snomed.info/sct/900000000000207008/version/20250201,local-snapshot;txfhir,tx display check: 'Poor (qualifier value)' — Wrong Display Name 'Poor (qualifier value)' for http://snomed.info/sct#255351007. Valid di,input/fsh/extensions/SleepQuality.fsh;input/fsh/terminology/SharedQualifierValueSets.fsh
SNOMED,255545003,Definite (qualifier value),Definite,active,2026-09-15,Vocab2 OMOP snapshot;tx.fhir.org,Vocab2 SNOMED 2025-02-01 SNOMED CT International Edition;tx SNOMED http://snomed.info/sct/900000000000207008/version/20250201,local-snapshot;txfhir,,input/fsh/terminology/SharedQualifierValueSets.fsh
SNOMED,255604002,Mild (qualifier value),Mild,active,2026-09-15,Vocab2 OMOP snapshot;tx.fhir.org,Vocab2 SNOMED 2025-02-01 SNOMED CT International Edition;tx SNOMED http://snomed.info/sct/900000000000207008/version/20250201,local-snapshot;txfhir,,input/fsh/terminology/SharedQualifierValueSets.fsh
SNOMED,255605001,Minimal (qualifier value),Minimal,active,2026-09-15,Vocab2 OMOP snapshot;tx.fhir.org,Vocab2 SNOMED 2025-02-01 SNOMED CT International Edition;tx SNOMED http://snomed.info/sct/900000000000207008/version/20250201,local-snapshot;txfhir,,input/fsh/terminology/SharedQualifierValueSets.fsh
SNOMED,25594002,Moderate risk of (qualifier value),Moderate risk of,display-mismatch,2026-09-15,Vocab2 OMOP snapshot;tx.fhir.org,Vocab2 SNOMED 2025-02-01 SNOMED CT International Edition;tx SNOMED http://snomed.info/sct/900000000000207008/version/20250201,local-snapshot;txfhir,tx display check: 'Moderate risk of (qualifier value)' — Wrong Display Name 'Moderate risk of (qualifier value)' for http://snomed.info/sct#2559400,input/fsh/examples/SocialInteractionExamples.fsh;input/fsh/terminology/SharedQualifierValueSets.fsh
SNOMED,258057004,Non-invasive blood pressure monitor,Non-invasive blood pressure monitor,active,2026-09-15,Vocab2 OMOP snapshot;tx.fhir.org,Vocab2 SNOMED 2025-02-01 SNOMED CT International Edition;tx SNOMED http://snomed.info/sct/900000000000207008/version/20250201,local-snapshot;txfhir,,input/fsh/examples/RoundTripValidationExamples.fsh;input/fsh/examples/VitalSignsExamples.fsh
SNOMED,258104002,Measured,Measured,active,2026-09-15,Vocab2 OMOP snapshot;tx.fhir.org,Vocab2 SNOMED 2025-02-01 SNOMED CT International Edition;tx SNOMED http://snomed.info/sct/900000000000207008/version/20250201,local-snapshot;txfhir,,input/fsh/examples/EnvironmentalExamples.fsh
SNOMED,258158006,Sleep,Sleep,active,2026-09-15,Vocab2 OMOP snapshot;tx.fhir.org,Vocab2 SNOMED 2025-02-01 SNOMED CT International Edition;tx SNOMED http://snomed.info/sct/900000000000207008/version/20250201,local-snapshot;txfhir,,input/fsh/terminology/ConceptMapVendorSleepToSNOMED.fsh
SNOMED,260413007,None (qualifier value),None,active,2026-09-15,Vocab2 OMOP snapshot;tx.fhir.org,Vocab2 SNOMED 2025-02-01 SNOMED CT International Edition;tx SNOMED http://snomed.info/sct/900000000000207008/version/20250201,local-snapshot;txfhir,,input/fsh/terminology/SharedQualifierValueSets.fsh
SNOMED,261665006,Unknown (qualifier value),Unknown,active,2026-09-15,Vocab2 OMOP snapshot;tx.fhir.org,Vocab2 SNOMED 2025-02-01 SNOMED CT International Edition;tx SNOMED http://snomed.info/sct/900000000000207008/version/20250201,local-snapshot;txfhir,,input/fsh/terminology/SharedQualifierValueSets.fsh;input/fsh/valuesets/SubstanceUseValueSets.fsh
SNOMED,263654008,Abnormal (qualifier value),Abnormal,active,2026-09-15,Vocab2 OMOP snapshot;tx.fhir.org,Vocab2 SNOMED 2025-02-01 SNOMED CT International Edition;tx SNOMED http://snomed.info/sct/900000000000207008/version/20250201,local-snapshot;txfhir,,input/fsh/terminology/SharedQualifierValueSets.fsh
SNOMED,263678003,At rest,At rest,active,2026-09-15,Vocab2 OMOP snapshot;tx.fhir.org,Vocab2 SNOMED 2025-02-01 SNOMED CT International Edition;tx SNOMED http://snomed.info/sct/900000000000207008/version/20250201,local-snapshot;txfhir,,input/fsh/extensions/BodyMetricsExtensions.fsh;input/fsh/extensions/VitalSignsExtensions.fsh
SNOMED,263855007,Relapse phase,Relapse phase,active,2026-09-15,Vocab2 OMOP snapshot;tx.fhir.org,Vocab2 SNOMED 2025-02-01 SNOMED CT International Edition;tx SNOMED http://snomed.info/sct/900000000000207008/version/20250201,local-snapshot;txfhir,,input/fsh/extensions/SubstanceUseExtensions.fsh
SNOMED,26663004,Cigar smoking tobacco,Cigar smoking tobacco,active,2026-09-15,Vocab2 OMOP snapshot;tx.fhir.org,Vocab2 SNOMED 2025-02-01 SNOMED CT International Edition;tx SNOMED http://snomed.info/sct/900000000000207008/version/20250201,local-snapshot;txfhir,,input/fsh/valuesets/SubstanceUseValueSets.fsh
SNOMED,266919005,Never smoked tobacco (finding),Never smoked tobacco,active,2026-09-15,Vocab2 OMOP snapshot;tx.fhir.org,Vocab2 SNOMED 2025-02-01 SNOMED CT International Edition;tx SNOMED http://snomed.info/sct/900000000000207008/version/20250201,local-snapshot;txfhir,Vocab2: not a standard concept,input/fsh/examples/SubstanceUseExamples.fsh;input/fsh/valuesets/GPSCompatibleSNOMEDVS.fsh;input/fsh/valuesets/SubstanceUseValueSets.fsh
SNOMED,266927001,Tobacco smoking consumption unknown (finding),Tobacco smoking consumption unknown,active,2026-09-15,Vocab2 OMOP snapshot;tx.fhir.org,Vocab2 SNOMED 2025-02-01 SNOMED CT International Edition;tx SNOMED http://snomed.info/sct/900000000000207008/version/20250201,local-snapshot;txfhir,Vocab2: not a standard concept,input/fsh/valuesets/SubstanceUseValueSets.fsh
SNOMED,268910001,Patient's condition improved,Patient's condition improved,active,2026-09-15,Vocab2 OMOP snapshot;tx.fhir.org,Vocab2 SNOMED 2025-02-01 SNOMED CT International Edition;tx SNOMED http://snomed.info/sct/900000000000207008/version/20250201,local-snapshot;txfhir,,input/fsh/profiles/InflammatoryMarkersProfiles.fsh
SNOMED,271299001,Patient's condition worsened,Patient's condition worsened,active,2026-09-15,Vocab2 OMOP snapshot;tx.fhir.org,Vocab2 SNOMED 2025-02-01 SNOMED CT International Edition;tx SNOMED http://snomed.info/sct/900000000000207008/version/20250201,local-snapshot;txfhir,,input/fsh/profiles/InflammatoryMarkersProfiles.fsh
SNOMED,274646000,Irritability and anger,Irritability and anger,active,2026-09-15,Vocab2 OMOP snapshot;tx.fhir.org,Vocab2 SNOMED 2025-02-01 SNOMED CT International Edition;tx SNOMED http://snomed.info/sct/900000000000207008/version/20250201,local-snapshot;txfhir,,input/fsh/valuesets/MoodValueSet.fsh
SNOMED,281213008,"Back structure, including back of neck",Structure of back of trunk and/or neck,active,2026-09-15,Vocab2 OMOP snapshot;tx.fhir.org,Vocab2 SNOMED 2025-02-01 SNOMED CT International Edition;tx SNOMED http://snomed.info/sct/900000000000207008/version/20250201,local-snapshot;txfhir,,input/fsh/valuesets/SymptomValueSets.fsh
SNOMED,288459003,MDMA (substance),Methylenedioxymethamphetamine,display-mismatch,2026-09-15,Vocab2 OMOP snapshot;tx.fhir.org,Vocab2 SNOMED 2025-02-01 SNOMED CT International Edition;tx SNOMED http://snomed.info/sct/900000000000207008/version/20250201,local-snapshot;txfhir,Vocab2: not a standard concept | tx display check: 'MDMA (substance)' — Wrong Display Name 'MDMA (substance)' for http://snomed.info/sct#288459003. Valid display ,input/fsh/valuesets/SubstanceUseValueSets.fsh
SNOMED,306118006,Referral to endocrinology service,Referral to endocrinology service,active,2026-09-15,Vocab2 OMOP snapshot;tx.fhir.org,Vocab2 SNOMED 2025-02-01 SNOMED CT International Edition;tx SNOMED http://snomed.info/sct/900000000000207008/version/20250201,local-snapshot;txfhir,,input/fsh/terminology/ValueSetCDSSInterventionRecommendations.fsh
SNOMED,306170007,Referral to physiotherapy service,Referral to physiotherapy service,active,2026-09-15,Vocab2 OMOP snapshot;tx.fhir.org,Vocab2 SNOMED 2025-02-01 SNOMED CT International Edition;tx SNOMED http://snomed.info/sct/900000000000207008/version/20250201,local-snapshot;txfhir,,input/fsh/terminology/ValueSetCDSSInterventionRecommendations.fsh
SNOMED,307818003,Weight monitoring,Weight monitoring,active,2026-09-15,Vocab2 OMOP snapshot;tx.fhir.org,Vocab2 SNOMED 2025-02-01 SNOMED CT International Edition;tx SNOMED http://snomed.info/sct/900000000000207008/version/20250201,local-snapshot;txfhir,,input/fsh/examples/VitalSignsExamples.fsh
SNOMED,309604004,During exercise,During exercise,active,2026-09-15,Vocab2 OMOP snapshot;tx.fhir.org,Vocab2 SNOMED 2025-02-01 SNOMED CT International Edition;tx SNOMED http://snomed.info/sct/900000000000207008/version/20250201,local-snapshot;txfhir,,input/fsh/extensions/VitalSignsExtensions.fsh
SNOMED,310858007,Self-monitoring,Self-monitoring,active,2026-09-15,Vocab2 OMOP snapshot;tx.fhir.org,Vocab2 SNOMED 2025-02-01 SNOMED CT International Edition;tx SNOMED http://snomed.info/sct/900000000000207008/version/20250201,local-snapshot;txfhir,,input/fsh/terminology/ValueSetCDSSInterventionRecommendations.fsh
SNOMED,310882002,Exercise on prescription,Exercise on prescription,active,2026-09-15,Vocab2 OMOP snapshot;tx.fhir.org,Vocab2 SNOMED 2025-02-01 SNOMED CT International Edition;tx SNOMED http://snomed.info/sct/900000000000207008/version/20250201,local-snapshot;txfhir,,input/fsh/terminology/ValueSetCDSSInterventionRecommendations.fsh
SNOMED,311500009,Before food,Before food,active,2026-09-15,Vocab2 OMOP snapshot;tx.fhir.org,Vocab2 SNOMED 2025-02-01 SNOMED CT International Edition;tx SNOMED http://snomed.info/sct/900000000000207008/version/20250201,local-snapshot;txfhir,,input/fsh/valuesets/MeasurementContextVS.fsh
SNOMED,33553000,Widowed,Widowed,active,2026-09-15,Vocab2 OMOP snapshot;tx.fhir.org,Vocab2 SNOMED 2025-02-01 SNOMED CT International Edition;tx SNOMED http://snomed.info/sct/900000000000207008/version/20250201,local-snapshot;txfhir,,input/fsh/examples/SocialInteractionExamples.fsh;input/fsh/profiles/FamilyStructureProfile.fsh
SNOMED,34402009,Rectum structure,Rectum structure,active,2026-09-15,Vocab2 OMOP snapshot;tx.fhir.org,Vocab2 SNOMED 2025-02-01 SNOMED CT International Edition;tx SNOMED http://snomed.info/sct/900000000000207008/version/20250201,local-snapshot;txfhir,,input/fsh/profiles/VitalSignsProfiles.fsh
SNOMED,35748005,Wine,Wine,active,2026-09-15,Vocab2 OMOP snapshot;tx.fhir.org,Vocab2 SNOMED 2025-02-01 SNOMED CT International Edition;tx SNOMED http://snomed.info/sct/900000000000207008/version/20250201,local-snapshot;txfhir,,input/fsh/examples/SubstanceUseExamples.fsh;input/fsh/valuesets/SubstanceUseValueSets.fsh
SNOMED,359746009,Patient's condition stable,Patient's condition stable,active,2026-09-15,Vocab2 OMOP snapshot;tx.fhir.org,Vocab2 SNOMED 2025-02-01 SNOMED CT International Edition;tx SNOMED http://snomed.info/sct/900000000000207008/version/20250201,local-snapshot;txfhir,,input/fsh/profiles/InflammatoryMarkersProfiles.fsh
SNOMED,363679005,Imaging,Imaging,active,2026-09-15,Vocab2 OMOP snapshot;tx.fhir.org,Vocab2 SNOMED 2025-02-01 SNOMED CT International Edition;tx SNOMED http://snomed.info/sct/900000000000207008/version/20250201,local-snapshot;txfhir,,input/fsh/terminology/ValueSetCDSSInterventionRecommendations.fsh
SNOMED,364075005,Heart rate,Heart rate,active,2026-09-15,Vocab2 OMOP snapshot;tx.fhir.org,Vocab2 SNOMED 2025-02-01 SNOMED CT International Edition;tx SNOMED http://snomed.info/sct/900000000000207008/version/20250201,local-snapshot;txfhir,Vocab2: not a standard concept,input/fsh/examples/VitalSignsExamples.fsh
SNOMED,365949003,Health-related behavior finding,Health-related behavior finding,active,2026-09-15,Vocab2 OMOP snapshot;tx.fhir.org,Vocab2 SNOMED 2025-02-01 SNOMED CT International Edition;tx SNOMED http://snomed.info/sct/900000000000207008/version/20250201,local-snapshot;txfhir,,input/fsh/profiles/observations/activity/MindfulnessProfiles.fsh;input/fsh/terminology/MindfulnessTerminology.fsh
SNOMED,366979004,Depressed mood,Depressed mood,active,2026-09-15,Vocab2 OMOP snapshot;tx.fhir.org,Vocab2 SNOMED 2025-02-01 SNOMED CT International Edition;tx SNOMED http://snomed.info/sct/900000000000207008/version/20250201,local-snapshot;txfhir,,input/fsh/valuesets/MoodValueSet.fsh
SNOMED,371153006,Independent (qualifier value),Independent,active,2026-09-15,Vocab2 OMOP snapshot;tx.fhir.org,Vocab2 SNOMED 2025-02-01 SNOMED CT International Edition;tx SNOMED http://snomed.info/sct/900000000000207008/version/20250201,local-snapshot;txfhir,,input/fsh/terminology/SharedQualifierValueSets.fsh
SNOMED,371154000,Dependent (qualifier value),Dependent,active,2026-09-15,Vocab2 OMOP snapshot;tx.fhir.org,Vocab2 SNOMED 2025-02-01 SNOMED CT International Edition;tx SNOMED http://snomed.info/sct/900000000000207008/version/20250201,local-snapshot;txfhir,,input/fsh/terminology/SharedQualifierValueSets.fsh
SNOMED,371932001,Borderline normal (qualifier value),Borderline normal,active,2026-09-15,Vocab2 OMOP snapshot;tx.fhir.org,Vocab2 SNOMED 2025-02-01 SNOMED CT International Edition;tx SNOMED http://snomed.info/sct/900000000000207008/version/20250201,local-snapshot;txfhir,,input/fsh/terminology/SharedQualifierValueSets.fsh
SNOMED,38070000,Cohabiting,Cohabiting,active,2026-09-15,Vocab2 OMOP snapshot;tx.fhir.org,Vocab2 SNOMED 2025-02-01 SNOMED CT International Edition;tx SNOMED http://snomed.info/sct/900000000000207008/version/20250201,local-snapshot;txfhir,,input/fsh/profiles/FamilyStructureProfile.fsh
SNOMED,385633008,Improving (qualifier value),Improving,active,2026-09-15,Vocab2 OMOP snapshot;tx.fhir.org,Vocab2 SNOMED 2025-02-01 SNOMED CT International Edition;tx SNOMED http://snomed.info/sct/900000000000207008/version/20250201,local-snapshot;txfhir,,input/fsh/examples/FitnessActivityExamples.fsh;input/fsh/terminology/SharedQualifierValueSets.fsh;input/fsh/valuesets/SymptomValueSets.fsh
SNOMED,386373004,Nutrition therapy,Nutrition therapy,active,2026-09-15,Vocab2 OMOP snapshot;tx.fhir.org,Vocab2 SNOMED 2025-02-01 SNOMED CT International Edition;tx SNOMED http://snomed.info/sct/900000000000207008/version/20250201,local-snapshot;txfhir,,input/fsh/terminology/ValueSetCDSSInterventionRecommendations.fsh
SNOMED,386725007,Body temperature,Body temperature,active,2026-09-15,Vocab2 OMOP snapshot;tx.fhir.org,Vocab2 SNOMED 2025-02-01 SNOMED CT International Edition;tx SNOMED http://snomed.info/sct/900000000000207008/version/20250201,local-snapshot;txfhir,,input/fsh/profiles/VitalSignsProfiles.fsh
SNOMED,387085005,Cocaine (substance),Cocaine,active,2026-09-15,Vocab2 OMOP snapshot;tx.fhir.org,Vocab2 SNOMED 2025-02-01 SNOMED CT International Edition;tx SNOMED http://snomed.info/sct/900000000000207008/version/20250201,local-snapshot;txfhir,Vocab2: not a standard concept,input/fsh/valuesets/SubstanceUseValueSets.fsh
SNOMED,394814009,General practice (specialty),General practice (specialty),active,2026-09-15,Vocab2 OMOP snapshot;tx.fhir.org,Vocab2 SNOMED 2025-02-01 SNOMED CT International Edition;tx SNOMED http://snomed.info/sct/900000000000207008/version/20250201,local-snapshot;txfhir,,input/fsh/examples/CFMExamples.fsh
SNOMED,395067002,Optimization of drug dosage,Optimization of drug dosage,active,2026-09-15,Vocab2 OMOP snapshot;tx.fhir.org,Vocab2 SNOMED 2025-02-01 SNOMED CT International Edition;tx SNOMED http://snomed.info/sct/900000000000207008/version/20250201,local-snapshot;txfhir,,input/fsh/terminology/ValueSetCDSSInterventionRecommendations.fsh
SNOMED,398705004,Cannabis (substance),Cannabis,active,2026-09-15,Vocab2 OMOP snapshot;tx.fhir.org,Vocab2 SNOMED 2025-02-01 SNOMED CT International Edition;tx SNOMED http://snomed.info/sct/900000000000207008/version/20250201,local-snapshot;txfhir,Vocab2: not a standard concept,input/fsh/examples/SubstanceUseExamples.fsh;input/fsh/valuesets/SubstanceUseValueSets.fsh
SNOMED,40701008,Echocardiography,Echocardiography,active,2026-09-15,Vocab2 OMOP snapshot;tx.fhir.org,Vocab2 SNOMED 2025-02-01 SNOMED CT International Edition;tx SNOMED http://snomed.info/sct/900000000000207008/version/20250201,local-snapshot;txfhir,,input/fsh/terminology/ValueSetCDSSLabRecommendations.fsh
SNOMED,409022004,Dispensing medication management,Dispensing medication management,active,2026-09-15,Vocab2 OMOP snapshot;tx.fhir.org,Vocab2 SNOMED 2025-02-01 SNOMED CT International Edition;tx SNOMED http://snomed.info/sct/900000000000207008/version/20250201,local-snapshot;txfhir,,input/fsh/terminology/ValueSetCDSSInterventionRecommendations.fsh
SNOMED,40979000,Lack of exercise,Lack of exercise,active,2026-09-15,Vocab2 OMOP snapshot;tx.fhir.org,Vocab2 SNOMED 2025-02-01 SNOMED CT International Edition;tx SNOMED http://snomed.info/sct/900000000000207008/version/20250201,local-snapshot;txfhir,,input/fsh/examples/AIOverrideWorkflowBundle.fsh
SNOMED,41355003,Ultraviolet radiation,Ultraviolet radiation,active,2026-09-15,Vocab2 OMOP snapshot;tx.fhir.org,Vocab2 SNOMED 2025-02-01 SNOMED CT International Edition;tx SNOMED http://snomed.info/sct/900000000000207008/version/20250201,local-snapshot;txfhir,Vocab2: not a standard concept,input/fsh/terminology/ConceptMapEnvironmentalToSNOMED.fsh
SNOMED,414916001,Obesity,Obesity,active,2026-09-15,Vocab2 OMOP snapshot;tx.fhir.org,Vocab2 SNOMED 2025-02-01 SNOMED CT International Edition;tx SNOMED http://snomed.info/sct/900000000000207008/version/20250201,local-snapshot;txfhir,,input/fsh/profiles/IPSLifestyleMedicineComposition.fsh
SNOMED,424848002,Recreational drug user (finding),Recreational drug user,active,2026-09-15,Vocab2 OMOP snapshot;tx.fhir.org,Vocab2 SNOMED 2025-02-01 SNOMED CT International Edition;tx SNOMED http://snomed.info/sct/900000000000207008/version/20250201,local-snapshot;txfhir,,input/fsh/valuesets/SubstanceUseValueSets.fsh
SNOMED,425315000,Cardiac assessment,Cardiac assessment,active,2026-09-15,Vocab2 OMOP snapshot;tx.fhir.org,Vocab2 SNOMED 2025-02-01 SNOMED CT International Edition;tx SNOMED http://snomed.info/sct/900000000000207008/version/20250201,local-snapshot;txfhir,,input/fsh/terminology/ValueSetCDSSLabRecommendations.fsh
SNOMED,425405005,Excellent (qualifier value),Excellent,active,2026-09-15,Vocab2 OMOP snapshot;tx.fhir.org,Vocab2 SNOMED 2025-02-01 SNOMED CT International Edition;tx SNOMED http://snomed.info/sct/900000000000207008/version/20250201,local-snapshot;txfhir,,input/fsh/extensions/SleepQuality.fsh;input/fsh/terminology/SharedQualifierValueSets.fsh
SNOMED,427047002,Holter extended electrocardiographic recording,Holter extended electrocardiographic recording,active,2026-09-15,Vocab2 OMOP snapshot;tx.fhir.org,Vocab2 SNOMED 2025-02-01 SNOMED CT International Edition;tx SNOMED http://snomed.info/sct/900000000000207008/version/20250201,local-snapshot;txfhir,,input/fsh/terminology/ValueSetCDSSLabRecommendations.fsh
SNOMED,428041000124106,Occasional tobacco smoker (finding),Occasional tobacco smoker,active,2026-09-15,Vocab2 OMOP snapshot;tx.fhir.org,Vocab2 SNOMED 2025-02-01 SNOMED CT International Edition;tx SNOMED http://snomed.info/sct/900000000000207008/version/20250201,local-snapshot;txfhir,"Vocab2: not a standard concept | SCTID namespace is an extension, not International",input/fsh/valuesets/GPSCompatibleSNOMEDVS.fsh;input/fsh/valuesets/SubstanceUseValueSets.fsh
SNOMED,428911000124108,Comprehensive medication therapy review,Comprehensive medication therapy review,active,2026-09-15,Vocab2 OMOP snapshot;tx.fhir.org,Vocab2 SNOMED 2025-02-01 SNOMED CT International Edition;tx SNOMED http://snomed.info/sct/900000000000207008/version/20250201,local-snapshot;txfhir,"SCTID namespace is an extension, not International",input/fsh/terminology/ValueSetCDSSInterventionRecommendations.fsh
SNOMED,43783005,Moderate drinker (finding),Moderate drinker,active,2026-09-15,Vocab2 OMOP snapshot;tx.fhir.org,Vocab2 SNOMED 2025-02-01 SNOMED CT International Edition;tx SNOMED http://snomed.info/sct/900000000000207008/version/20250201,local-snapshot;txfhir,,input/fsh/examples/ExtensionAndSubstanceExamples.fsh;input/fsh/examples/SubstanceUseExamples.fsh;input/fsh/valuesets/SubstanceUseValueSets.fsh
SNOMED,439894008,Provision of device,Provision of device,active,2026-09-15,Vocab2 OMOP snapshot;tx.fhir.org,Vocab2 SNOMED 2025-02-01 SNOMED CT International Edition;tx SNOMED http://snomed.info/sct/900000000000207008/version/20250201,local-snapshot;txfhir,,input/fsh/terminology/ValueSetCDSSInterventionRecommendations.fsh
SNOMED,441041000124100,Nutrition counseling,Nutrition counseling,active,2026-09-15,Vocab2 OMOP snapshot;tx.fhir.org,Vocab2 SNOMED 2025-02-01 SNOMED CT International Edition;tx SNOMED http://snomed.info/sct/900000000000207008/version/20250201,local-snapshot;txfhir,"SCTID namespace is an extension, not International",input/fsh/terminology/ValueSetCDSSInterventionRecommendations.fsh
SNOMED,447051007,Lives with spouse,Lives with spouse,active,2026-09-15,Vocab2 OMOP snapshot;tx.fhir.org,Vocab2 SNOMED 2025-02-01 SNOMED CT International Edition;tx SNOMED http://snomed.info/sct/900000000000207008/version/20250201,local-snapshot;txfhir,,input/fsh/profiles/FamilyStructureProfile.fsh
SNOMED,44870007,Ex-drug user (finding),Misused drugs in past,display-mismatch,2026-09-15,Vocab2 OMOP snapshot;tx.fhir.org,Vocab2 SNOMED 2025-02-01 SNOMED CT International Edition;tx SNOMED http://snomed.info/sct/900000000000207008/version/20250201,local-snapshot;txfhir,tx display check: 'Ex-drug user (finding)' — Wrong Display Name 'Ex-drug user (finding)' for http://snomed.info/sct#44870007. Valid dis,input/fsh/examples/SubstanceUseExamples.fsh;input/fsh/valuesets/SubstanceUseValueSets.fsh
SNOMED,448703006,Pulse oximeter,Pulse oximeter,active,2026-09-15,Vocab2 OMOP snapshot;tx.fhir.org,Vocab2 SNOMED 2025-02-01 SNOMED CT International Edition;tx SNOMED http://snomed.info/sct/900000000000207008/version/20250201,local-snapshot;txfhir,,input/fsh/examples/VitalSignsExamples.fsh
SNOMED,449868002,Smokes tobacco daily (finding),Smokes tobacco daily,active,2026-09-15,Vocab2 OMOP snapshot;tx.fhir.org,Vocab2 SNOMED 2025-02-01 SNOMED CT International Edition;tx SNOMED http://snomed.info/sct/900000000000207008/version/20250201,local-snapshot;txfhir,Vocab2: not a standard concept,input/fsh/examples/SubstanceUseExamples.fsh;input/fsh/valuesets/GPSCompatibleSNOMEDVS.fsh;input/fsh/valuesets/SubstanceUseValueSets.fsh
SNOMED,45048000,Neck,Neck structure,active,2026-09-15,Vocab2 OMOP snapshot;tx.fhir.org,Vocab2 SNOMED 2025-02-01 SNOMED CT International Edition;tx SNOMED http://snomed.info/sct/900000000000207008/version/20250201,local-snapshot;txfhir,,input/fsh/valuesets/SymptomValueSets.fsh
SNOMED,48694002,Anxiety,Anxiety,active,2026-09-15,Vocab2 OMOP snapshot;tx.fhir.org,Vocab2 SNOMED 2025-02-01 SNOMED CT International Edition;tx SNOMED http://snomed.info/sct/900000000000207008/version/20250201,local-snapshot;txfhir,,input/fsh/valuesets/MoodValueSet.fsh
SNOMED,49062001,Device,Device,active,2026-09-15,Vocab2 OMOP snapshot;tx.fhir.org,Vocab2 SNOMED 2025-02-01 SNOMED CT International Edition;tx SNOMED http://snomed.info/sct/900000000000207008/version/20250201,local-snapshot;txfhir,,input/fsh/extensions/BodyMetricsExtensions.fsh
SNOMED,51185008,Chest,Thoracic structure,active,2026-09-15,Vocab2 OMOP snapshot;tx.fhir.org,Vocab2 SNOMED 2025-02-01 SNOMED CT International Edition;tx SNOMED http://snomed.info/sct/900000000000207008/version/20250201,local-snapshot;txfhir,,input/fsh/valuesets/SymptomValueSets.fsh
SNOMED,5159002,Physiologic monitoring system,Physiologic monitoring system,active,2026-09-15,Vocab2 OMOP snapshot;tx.fhir.org,Vocab2 SNOMED 2025-02-01 SNOMED CT International Edition;tx SNOMED http://snomed.info/sct/900000000000207008/version/20250201,local-snapshot;txfhir,,input/fsh/examples/BodyMetricsExamples.fsh;input/fsh/examples/CGMAndMetabolicExamples.fsh;input/fsh/extensions/BodyMetricsExtensions.fsh
SNOMED,52795006,Forehead structure,Forehead structure,active,2026-09-15,Vocab2 OMOP snapshot;tx.fhir.org,Vocab2 SNOMED 2025-02-01 SNOMED CT International Edition;tx SNOMED http://snomed.info/sct/900000000000207008/version/20250201,local-snapshot;txfhir,,input/fsh/profiles/VitalSignsProfiles.fsh
SNOMED,53120007,Upper limb,Upper limb structure,active,2026-09-15,Vocab2 OMOP snapshot;tx.fhir.org,Vocab2 SNOMED 2025-02-01 SNOMED CT International Edition;tx SNOMED http://snomed.info/sct/900000000000207008/version/20250201,local-snapshot;txfhir,,input/fsh/valuesets/SymptomValueSets.fsh
SNOMED,53410008,Beer,Beer,active,2026-09-15,Vocab2 OMOP snapshot;tx.fhir.org,Vocab2 SNOMED 2025-02-01 SNOMED CT International Edition;tx SNOMED http://snomed.info/sct/900000000000207008/version/20250201,local-snapshot;txfhir,,input/fsh/valuesets/SubstanceUseValueSets.fsh
SNOMED,56851009,Maximum (qualifier value),Maximal,display-mismatch,2026-09-15,Vocab2 OMOP snapshot;tx.fhir.org,Vocab2 SNOMED 2025-02-01 SNOMED CT International Edition;tx SNOMED http://snomed.info/sct/900000000000207008/version/20250201,local-snapshot;txfhir,tx display check: 'Maximum (qualifier value)' — Wrong Display Name 'Maximum (qualifier value)' for http://snomed.info/sct#56851009. Valid ,input/fsh/terminology/SharedQualifierValueSets.fsh
SNOMED,58158008,Stable (qualifier value),Stable,active,2026-09-15,Vocab2 OMOP snapshot;tx.fhir.org,Vocab2 SNOMED 2025-02-01 SNOMED CT International Edition;tx SNOMED http://snomed.info/sct/900000000000207008/version/20250201,local-snapshot;txfhir,,input/fsh/examples/FitnessActivityExamples.fsh;input/fsh/terminology/SharedQualifierValueSets.fsh;input/fsh/valuesets/SymptomValueSets.fsh
SNOMED,61685007,Lower limb,Lower limb structure,active,2026-09-15,Vocab2 OMOP snapshot;tx.fhir.org,Vocab2 SNOMED 2025-02-01 SNOMED CT International Edition;tx SNOMED http://snomed.info/sct/900000000000207008/version/20250201,local-snapshot;txfhir,,input/fsh/valuesets/SymptomValueSets.fsh
SNOMED,61686008,Physical exercise | Physical exercise (regime/therapy),Physical exercise,display-mismatch,2026-09-15,Vocab2 OMOP snapshot;tx.fhir.org,Vocab2 SNOMED 2025-02-01 SNOMED CT International Edition;tx SNOMED http://snomed.info/sct/900000000000207008/version/20250201,local-snapshot;txfhir,tx display check: 'Physical exercise (regime/therapy)' — Wrong Display Name 'Physical exercise (regime/therapy)' for http://snomed.info/sct#6168600,input/fsh/terminology/ConceptMapPhysicalActivityToSNOMED.fsh;input/fsh/valuesets/ActivityTypeVS.fsh
SNOMED,62482003,Low (qualifier value),Low,active,2026-09-15,Vocab2 OMOP snapshot;tx.fhir.org,Vocab2 SNOMED 2025-02-01 SNOMED CT International Edition;tx SNOMED http://snomed.info/sct/900000000000207008/version/20250201,local-snapshot;txfhir,,input/fsh/terminology/SharedQualifierValueSets.fsh
SNOMED,64299003,Relaxation training therapy (regime/therapy),Relaxation training therapy,active,2026-09-15,Vocab2 OMOP snapshot;tx.fhir.org,Vocab2 SNOMED 2025-02-01 SNOMED CT International Edition;tx SNOMED http://snomed.info/sct/900000000000207008/version/20250201,local-snapshot;txfhir,,input/fsh/terminology/ConceptMapMindfulnessToSNOMED.fsh
SNOMED,66562002,Cigarette smoking tobacco,Cigarette smoking tobacco,active,2026-09-15,Vocab2 OMOP snapshot;tx.fhir.org,Vocab2 SNOMED 2025-02-01 SNOMED CT International Edition;tx SNOMED http://snomed.info/sct/900000000000207008/version/20250201,local-snapshot;txfhir,,input/fsh/valuesets/SubstanceUseValueSets.fsh
SNOMED,6736007,Moderate (severity modifier),Moderate severity,active,2026-09-15,Vocab2 OMOP snapshot;tx.fhir.org,Vocab2 SNOMED 2025-02-01 SNOMED CT International Edition;tx SNOMED http://snomed.info/sct/900000000000207008/version/20250201,local-snapshot;txfhir,,input/fsh/terminology/SharedQualifierValueSets.fsh
SNOMED,68130003,Physical activity | Physical activity (observable entity),Physical activity,active,2026-09-15,Vocab2 OMOP snapshot;tx.fhir.org,Vocab2 SNOMED 2025-02-01 SNOMED CT International Edition;tx SNOMED http://snomed.info/sct/900000000000207008/version/20250201,local-snapshot;txfhir,,input/fsh/terminology/ConceptMapPhysicalActivityToSNOMED.fsh;input/fsh/valuesets/ActivityTypeVS.fsh
SNOMED,69536005,Head,Head structure,active,2026-09-15,Vocab2 OMOP snapshot;tx.fhir.org,Vocab2 SNOMED 2025-02-01 SNOMED CT International Edition;tx SNOMED http://snomed.info/sct/900000000000207008/version/20250201,local-snapshot;txfhir,,input/fsh/valuesets/SymptomValueSets.fsh
SNOMED,699200007,Pittsburgh sleep quality index,Pittsburgh sleep quality index,active,2026-09-15,Vocab2 OMOP snapshot;tx.fhir.org,Vocab2 SNOMED 2025-02-01 SNOMED CT International Edition;tx SNOMED http://snomed.info/sct/900000000000207008/version/20250201,local-snapshot;txfhir,,input/fsh/profiles/questionnaires/SleepQuestionnaires.fsh
SNOMED,703842006,Amphetamine,Amphetamine,active,2026-09-15,Vocab2 OMOP snapshot;tx.fhir.org,Vocab2 SNOMED 2025-02-01 SNOMED CT International Edition;tx SNOMED http://snomed.info/sct/900000000000207008/version/20250201,local-snapshot;txfhir,Vocab2: not a standard concept,input/fsh/valuesets/SubstanceUseValueSets.fsh
SNOMED,704323007,Process duration,Process duration,active,2026-09-15,Vocab2 OMOP snapshot;tx.fhir.org,Vocab2 SNOMED 2025-02-01 SNOMED CT International Edition;tx SNOMED http://snomed.info/sct/900000000000207008/version/20250201,local-snapshot;txfhir,Vocab2: not a standard concept,input/fsh/examples/MindfulnessCompleteExamples.fsh;input/fsh/examples/MindfulnessExamples.fsh;input/fsh/profiles/observations/activity/MindfulnessProfiles.fsh
SNOMED,706689003,Application programme software,Application program software,active,2026-09-15,Vocab2 OMOP snapshot;tx.fhir.org,Vocab2 SNOMED 2025-02-01 SNOMED CT International Edition;tx SNOMED http://snomed.info/sct/900000000000207008/version/20250201,local-snapshot;txfhir,,input/fsh/examples/DeviceExamples.fsh;input/fsh/examples/RoundTripValidationExamples.fsh;input/fsh/profiles/WearableDeviceProfiles.fsh
SNOMED,706767009,Patient data recorder,Patient data recorder,active,2026-09-15,Vocab2 OMOP snapshot;tx.fhir.org,Vocab2 SNOMED 2025-02-01 SNOMED CT International Edition;tx SNOMED http://snomed.info/sct/900000000000207008/version/20250201,local-snapshot;txfhir,,input/fsh/examples/BodyMetricsExamples.fsh;input/fsh/extensions/BodyMetricsExtensions.fsh
SNOMED,707166002,Alcohol reduction program,Alcohol reduction program,active,2026-09-15,Vocab2 OMOP snapshot;tx.fhir.org,Vocab2 SNOMED 2025-02-01 SNOMED CT International Edition;tx SNOMED http://snomed.info/sct/900000000000207008/version/20250201,local-snapshot;txfhir,,input/fsh/terminology/ValueSetCDSSInterventionRecommendations.fsh
SNOMED,707848009,Patient denies drug use (finding),Patient denies drug use,active,2026-09-15,Vocab2 OMOP snapshot;tx.fhir.org,Vocab2 SNOMED 2025-02-01 SNOMED CT International Edition;tx SNOMED http://snomed.info/sct/900000000000207008/version/20250201,local-snapshot;txfhir,,input/fsh/valuesets/SubstanceUseValueSets.fsh
SNOMED,710081004,Smoking cessation therapy,Smoking cessation therapy,active,2026-09-15,Vocab2 OMOP snapshot;tx.fhir.org,Vocab2 SNOMED 2025-02-01 SNOMED CT International Edition;tx SNOMED http://snomed.info/sct/900000000000207008/version/20250201,local-snapshot;txfhir,,input/fsh/terminology/ValueSetCDSSInterventionRecommendations.fsh
SNOMED,719858009,Telehealth monitoring,Telehealth monitoring,active,2026-09-15,Vocab2 OMOP snapshot;tx.fhir.org,Vocab2 SNOMED 2025-02-01 SNOMED CT International Edition;tx SNOMED http://snomed.info/sct/900000000000207008/version/20250201,local-snapshot;txfhir,,input/fsh/terminology/ValueSetCDSSInterventionRecommendations.fsh
SNOMED,722495000,Hookah pipe,Hookah pipe,active,2026-09-15,Vocab2 OMOP snapshot;tx.fhir.org,Vocab2 SNOMED 2025-02-01 SNOMED CT International Edition;tx SNOMED http://snomed.info/sct/900000000000207008/version/20250201,local-snapshot;txfhir,Vocab2: not a standard concept,input/fsh/valuesets/SubstanceUseValueSets.fsh
SNOMED,722496004,Cigarette,Cigarette,active,2026-09-15,Vocab2 OMOP snapshot;tx.fhir.org,Vocab2 SNOMED 2025-02-01 SNOMED CT International Edition;tx SNOMED http://snomed.info/sct/900000000000207008/version/20250201,local-snapshot;txfhir,Vocab2: not a standard concept,input/fsh/examples/SubstanceUseExamples.fsh
SNOMED,722498003,Electronic cigarette,Electronic cigarette,active,2026-09-15,Vocab2 OMOP snapshot;tx.fhir.org,Vocab2 SNOMED 2025-02-01 SNOMED CT International Edition;tx SNOMED http://snomed.info/sct/900000000000207008/version/20250201,local-snapshot;txfhir,Vocab2: not a standard concept,input/fsh/valuesets/SubstanceUseValueSets.fsh
SNOMED,723505004,Low risk (qualifier value),Low risk,active,2026-09-15,Vocab2 OMOP snapshot;tx.fhir.org,Vocab2 SNOMED 2025-02-01 SNOMED CT International Edition;tx SNOMED http://snomed.info/sct/900000000000207008/version/20250201,local-snapshot;txfhir,,input/fsh/examples/MobilityExamples.fsh;input/fsh/examples/SocialInteractionExamples.fsh;input/fsh/examples/SubstanceUseExamples.fsh;input/fsh/terminology/SharedQualifierValueSets.fsh
SNOMED,723509005,High risk (qualifier value),High risk,active,2026-09-15,Vocab2 OMOP snapshot;tx.fhir.org,Vocab2 SNOMED 2025-02-01 SNOMED CT International Edition;tx SNOMED http://snomed.info/sct/900000000000207008/version/20250201,local-snapshot;txfhir,,input/fsh/examples/SocialInteractionExamples.fsh;input/fsh/terminology/SharedQualifierValueSets.fsh
SNOMED,733810001,Support for self-management,Support for self-management,active,2026-09-15,Vocab2 OMOP snapshot;tx.fhir.org,Vocab2 SNOMED 2025-02-01 SNOMED CT International Edition;tx SNOMED http://snomed.info/sct/900000000000207008/version/20250201,local-snapshot;txfhir,,input/fsh/terminology/ValueSetCDSSInterventionRecommendations.fsh
SNOMED,73775008,Morning | Morning (qualifier value),Morning,active,2026-09-15,Vocab2 OMOP snapshot;tx.fhir.org,Vocab2 SNOMED 2025-02-01 SNOMED CT International Edition;tx SNOMED http://snomed.info/sct/900000000000207008/version/20250201,local-snapshot;txfhir,,input/fsh/extensions/BodyMetricsExtensions.fsh;input/fsh/valuesets/SymptomValueSets.fsh
SNOMED,74262004,Oral cavity structure,Oral cavity structure,active,2026-09-15,Vocab2 OMOP snapshot;tx.fhir.org,Vocab2 SNOMED 2025-02-01 SNOMED CT International Edition;tx SNOMED http://snomed.info/sct/900000000000207008/version/20250201,local-snapshot;txfhir,,input/fsh/profiles/VitalSignsProfiles.fsh
SNOMED,75540009,High (qualifier value),High,active,2026-09-15,Vocab2 OMOP snapshot;tx.fhir.org,Vocab2 SNOMED 2025-02-01 SNOMED CT International Edition;tx SNOMED http://snomed.info/sct/900000000000207008/version/20250201,local-snapshot;txfhir,,input/fsh/examples/ExtensionAndSubstanceExamples.fsh;input/fsh/terminology/SharedQualifierValueSets.fsh
SNOMED,77176002,Smoker (finding),Smoker,active,2026-09-15,Vocab2 OMOP snapshot;tx.fhir.org,Vocab2 SNOMED 2025-02-01 SNOMED CT International Edition;tx SNOMED http://snomed.info/sct/900000000000207008/version/20250201,local-snapshot;txfhir,Vocab2: not a standard concept,input/fsh/valuesets/GPSCompatibleSNOMEDVS.fsh;input/fsh/valuesets/SubstanceUseValueSets.fsh
SNOMED,81548002,Elevated mood,Elevated mood,active,2026-09-15,Vocab2 OMOP snapshot;tx.fhir.org,Vocab2 SNOMED 2025-02-01 SNOMED CT International Edition;tx SNOMED http://snomed.info/sct/900000000000207008/version/20250201,local-snapshot;txfhir,,input/fsh/examples/MindfulnessCompleteExamples.fsh;input/fsh/valuesets/MoodValueSet.fsh
SNOMED,818983003,Abdomen,Abdomen,active,2026-09-15,Vocab2 OMOP snapshot;tx.fhir.org,Vocab2 SNOMED 2025-02-01 SNOMED CT International Edition;tx SNOMED http://snomed.info/sct/900000000000207008/version/20250201,local-snapshot;txfhir,,input/fsh/valuesets/SymptomValueSets.fsh
SNOMED,82248001,Euthymic mood,Euthymic mood,active,2026-09-15,Vocab2 OMOP snapshot;tx.fhir.org,Vocab2 SNOMED 2025-02-01 SNOMED CT International Edition;tx SNOMED http://snomed.info/sct/900000000000207008/version/20250201,local-snapshot;txfhir,,input/fsh/valuesets/MoodValueSet.fsh
SNOMED,82581004,Former drinker (finding),Ex-drinker,display-mismatch,2026-09-15,Vocab2 OMOP snapshot;tx.fhir.org,Vocab2 SNOMED 2025-02-01 SNOMED CT International Edition;tx SNOMED http://snomed.info/sct/900000000000207008/version/20250201,local-snapshot;txfhir,tx display check: 'Former drinker (finding)' — Wrong Display Name 'Former drinker (finding)' for http://snomed.info/sct#82581004. Valid d,input/fsh/valuesets/SubstanceUseValueSets.fsh
SNOMED,84229001,Fatigue,Fatigue,active,2026-09-15,Vocab2 OMOP snapshot;tx.fhir.org,Vocab2 SNOMED 2025-02-01 SNOMED CT International Edition;tx SNOMED http://snomed.info/sct/900000000000207008/version/20250201,local-snapshot;txfhir,,input/fsh/examples/SymptomExamples.fsh
SNOMED,84498003,Pipe smoking tobacco,Pipe smoking tobacco,active,2026-09-15,Vocab2 OMOP snapshot;tx.fhir.org,Vocab2 SNOMED 2025-02-01 SNOMED CT International Edition;tx SNOMED http://snomed.info/sct/900000000000207008/version/20250201,local-snapshot;txfhir,,input/fsh/valuesets/SubstanceUseValueSets.fsh
SNOMED,8517006,Ex-smoker (finding),Ex-smoker,active,2026-09-15,Vocab2 OMOP snapshot;tx.fhir.org,Vocab2 SNOMED 2025-02-01 SNOMED CT International Edition;tx SNOMED http://snomed.info/sct/900000000000207008/version/20250201,local-snapshot;txfhir,Vocab2: not a standard concept,input/fsh/examples/SubstanceUseExamples.fsh;input/fsh/valuesets/GPSCompatibleSNOMEDVS.fsh;input/fsh/valuesets/SubstanceUseValueSets.fsh
SNOMED,86290005,Respiratory rate | Respiratory rate [SNOMED],Respiratory rate,display-mismatch,2026-09-15,Vocab2 OMOP snapshot;tx.fhir.org,Vocab2 SNOMED 2025-02-01 SNOMED CT International Edition;tx SNOMED http://snomed.info/sct/900000000000207008/version/20250201,local-snapshot;txfhir,tx display check: 'Respiratory rate [SNOMED]' — Wrong Display Name 'Respiratory rate [SNOMED]' for http://snomed.info/sct#86290005. Valid ,input/fsh/examples/PhysicalActivityExamples.fsh;input/fsh/terminology/ConceptMapHRVToOMOP.fsh
SNOMED,86933000,Heavy drinker,Heavy drinker,active,2026-09-15,Vocab2 OMOP snapshot;tx.fhir.org,Vocab2 SNOMED 2025-02-01 SNOMED CT International Edition;tx SNOMED http://snomed.info/sct/900000000000207008/version/20250201,local-snapshot;txfhir,,input/fsh/examples/SubstanceUseExamples.fsh;input/fsh/valuesets/SubstanceUseValueSets.fsh
SNOMED,87915002,Married,Married,active,2026-09-15,Vocab2 OMOP snapshot;tx.fhir.org,Vocab2 SNOMED 2025-02-01 SNOMED CT International Edition;tx SNOMED http://snomed.info/sct/900000000000207008/version/20250201,local-snapshot;txfhir,,input/fsh/examples/SocialInteractionExamples.fsh;input/fsh/profiles/FamilyStructureProfile.fsh
SNOMED,91470000,Axillary region structure,Axillary region structure,active,2026-09-15,Vocab2 OMOP snapshot;tx.fhir.org,Vocab2 SNOMED 2025-02-01 SNOMED CT International Edition;tx SNOMED http://snomed.info/sct/900000000000207008/version/20250201,local-snapshot;txfhir,,input/fsh/profiles/VitalSignsProfiles.fsh
SNOMED,9651007,Long QT syndrome (disorder),Long QT syndrome,active,2026-09-15,Vocab2 OMOP snapshot;tx.fhir.org,Vocab2 SNOMED 2025-02-01 SNOMED CT International Edition;tx SNOMED http://snomed.info/sct/900000000000207008/version/20250201,local-snapshot;txfhir,,input/fsh/profiles/ECGProfiles.fsh
UCUM,L/min,liters per minute,liter per minute,display-mismatch,2026-09-15,Athena OMOP snapshot;ucum.nlm.nih.gov validator;tx.fhir.org,Athena UCUM snapshot 2026-01-21;tx UCUM 2.2,local-snapshot;owner-api;txfhir,tx display check: 'liters per minute' — Wrong Display Name 'liters per minute' for http://unitsofmeasure.org#L/min. Valid display ,input/fsh/profiles/RecoveryVO2maxProfiles.fsh
UCUM,d,Days,day,display-mismatch,2026-09-15,Athena OMOP snapshot;ucum.nlm.nih.gov validator;tx.fhir.org,Athena UCUM snapshot 2026-01-21;tx UCUM 2.2,local-snapshot;owner-api;txfhir,tx display check: 'Days' — Wrong Display Name 'Days' for http://unitsofmeasure.org#d. Valid display is one of 2 choic,input/fsh/valuesets/SymptomValueSets.fsh
UCUM,h,Hours,hour,display-mismatch,2026-09-15,Athena OMOP snapshot;ucum.nlm.nih.gov validator;tx.fhir.org,Athena UCUM snapshot 2026-01-21;tx UCUM 2.2,local-snapshot;owner-api;txfhir,tx display check: 'Hours' — Wrong Display Name 'Hours' for http://unitsofmeasure.org#h. Valid display is one of 2 choi,input/fsh/valuesets/SymptomValueSets.fsh
UCUM,mL/kg/min,milliliters per kilogram per minute,milliliter per kilogram per minute,display-mismatch,2026-09-15,Athena OMOP snapshot;ucum.nlm.nih.gov validator;tx.fhir.org,Athena UCUM snapshot 2026-01-21;tx UCUM 2.2,local-snapshot;owner-api;txfhir,tx display check: 'milliliters per kilogram per minute' — Wrong Display Name 'milliliters per kilogram per minute' for http://unitsofmeasure.org#mL/,input/fsh/profiles/RecoveryVO2maxProfiles.fsh
UCUM,mg/dL,milligrams per deciliter,milligram per deciliter,display-mismatch,2026-09-15,Athena OMOP snapshot;ucum.nlm.nih.gov validator;tx.fhir.org,Athena UCUM snapshot 2026-01-21;tx UCUM 2.2,local-snapshot;owner-api;txfhir,tx display check: 'milligrams per deciliter' — Wrong Display Name 'milligrams per deciliter' for http://unitsofmeasure.org#mg/dL. Valid d,input/fsh/profiles/CGMProfile.fsh
UCUM,min,Minutes,minute,display-mismatch,2026-09-15,Athena OMOP snapshot;ucum.nlm.nih.gov validator;tx.fhir.org,Athena UCUM snapshot 2026-01-21;tx UCUM 2.2,local-snapshot;owner-api;txfhir,tx display check: 'Minutes' — Wrong Display Name 'Minutes' for http://unitsofmeasure.org#min. Valid display is one of 2 ,input/fsh/valuesets/SymptomValueSets.fsh
UCUM,mmol/L,millimoles per liter,millimole per liter,display-mismatch,2026-09-15,Athena OMOP snapshot;ucum.nlm.nih.gov validator;tx.fhir.org,Athena UCUM snapshot 2026-01-21;tx UCUM 2.2,local-snapshot;owner-api;txfhir,tx display check: 'millimoles per liter' — Wrong Display Name 'millimoles per liter' for http://unitsofmeasure.org#mmol/L. Valid disp,input/fsh/profiles/CGMProfile.fsh
UCUM,mo,Months,month,display-mismatch,2026-09-15,Athena OMOP snapshot;ucum.nlm.nih.gov validator;tx.fhir.org,Athena UCUM snapshot 2026-01-21;tx UCUM 2.2,local-snapshot;owner-api;txfhir,tx display check: 'Months' — Wrong Display Name 'Months' for http://unitsofmeasure.org#mo. Valid display is one of 2 ch,input/fsh/valuesets/SymptomValueSets.fsh
UCUM,wk,Weeks,week,display-mismatch,2026-09-15,Athena OMOP snapshot;ucum.nlm.nih.gov validator;tx.fhir.org,Athena UCUM snapshot 2026-01-21;tx UCUM 2.2,local-snapshot;owner-api;txfhir,tx display check: 'Weeks' — Wrong Display Name 'Weeks' for http://unitsofmeasure.org#wk. Valid display is one of 2 cho,input/fsh/valuesets/SymptomValueSets.fsh
